order_id,payment_status,payment_date,amount_paid
5000,Failed,2023-12-04,2276.45
5001,Paid,2024-06-25,5072.715
5002,Paid,2024-04-01,747.42
5003,Paid,2024-06-09,9976.91
5004,Paid,2024-03-11,11648.63
5005,Refunded,2024-01-01,828.43
5006,Paid,2024-02-05,5072.715
5007,Failed,2024-07-27,9087.14
5008,Failed,2024-04-26,2645.83
5009,Failed,2023-04-20,9155.34
5010,Refunded,2024-02-10,7261.7
5011,Refunded,2023-11-05,4037.34
5012,Paid,2023-06-09,7834.1
5013,Paid,2023-02-24,4890.13
5014,Paid,2023-09-13,4837.87
5015,Paid,2024-06-17,6585.86
5016,Paid,2024-02-26,7376.29
5017,Refunded,2024-09-06,8007.02
5018,Failed,2023-09-21,5072.715
5019,Paid,2023-08-21,6093.89
5020,Refunded,2024-11-10,8878.62
5021,Paid,2023-08-21,8795.19
5022,Failed,2024-05-31,7055.09
5023,Paid,2023-02-14,3417.44
5024,Paid,2024-07-11,8290.76
5025,Refunded,2024-11-06,6337.52
5026,Failed,2024-11-11,1133.88
5027,Paid,2024-03-11,8041.04
5028,Paid,2023-12-01,121.41
5029,Paid,2024-02-08,6942.75
5030,Failed,2023-06-13,3343.68
5031,Refunded,2023-09-13,5489.79
5032,Refunded,2023-03-07,817.63
5033,Refunded,2023-03-29,2828.23
5034,Paid,2023-08-28,3429.57
5035,Paid,2023-11-07,4543.14
5036,Failed,2024-07-24,3215.79
5037,Paid,2024-11-12,6043.53
5038,Refunded,2023-09-15,5072.715
5039,Paid,2024-07-11,3660.41
5040,Paid,2024-05-28,5117.15
5041,Paid,2024-03-09,6594.66
5042,Refunded,2023-05-09,1733.61
5043,Paid,2023-11-22,6326.49
5044,Paid,2023-01-17,3074.85
5045,Paid,2024-11-29,5072.715
5046,Paid,2023-12-08,5072.715
5047,Refunded,2024-09-19,1976.63
5048,Paid,2023-09-06,3592.21
5049,Paid,2024-12-10,5072.715
5050,Refunded,2023-06-26,7551.47
5051,Failed,2023-12-23,8868.84
5052,Paid,2024-05-09,9052.13
5053,Paid,2023-02-04,1890.4
5054,Paid,2024-02-11,8629.96
5055,Failed,2024-10-08,1330.03
5056,Refunded,2023-01-10,5072.715
5057,Paid,2024-11-25,6713.16
5058,Refunded,2024-12-14,5512.02
5059,Paid,2024-06-14,2341.19
5060,Refunded,2024-06-18,5072.715
5061,Paid,2023-04-05,1977.12
5062,Refunded,2024-07-29,4932.26
5063,Refunded,2024-03-25,5203.83
5064,Failed,2023-08-08,93.49
5065,Refunded,2023-04-06,5446.99
5066,Paid,2024-01-16,5072.715
5067,Failed,2024-10-30,9322.49
5068,Paid,2023-07-26,13111.56
5069,Refunded,2023-09-03,5072.715
5070,Refunded,2024-12-11,3821.02
5071,Failed,2024-05-24,5499.09
5072,Paid,2023-03-24,1181.73
5073,Failed,2023-11-13,9930.33
5074,Paid,2024-10-06,4043.88
5075,Paid,2023-04-15,3800.66
5076,Refunded,2024-01-05,7069.04
5077,Paid,2024-08-03,5072.715
5078,Failed,2024-11-26,5493.49
5079,Failed,2024-09-21,7530.7
5080,Refunded,2023-06-29,4624.87
5081,Refunded,2024-08-24,1629.62
5082,Failed,2024-08-22,8672.02
5083,Failed,2023-03-24,3243.52
5084,Paid,2024-06-15,5072.715
5085,Refunded,2024-09-10,5692.24
5086,Paid,2024-05-15,1081.59
5087,Refunded,2023-12-14,5717.8
5088,Refunded,2023-09-29,7842.67
5089,Paid,2023-11-27,9739.71
5090,Paid,2024-09-01,7220.44
5091,Paid,2024-07-22,8219.07
5092,Paid,2024-10-22,3081.41
5093,Refunded,2024-01-24,7476.11
5094,Paid,2023-05-17,4426.65
5095,Paid,2023-12-27,5072.715
5096,Failed,2023-10-09,5307.67
5097,Paid,2023-07-21,8232.7
5098,Paid,2024-06-14,5483.9
5099,Refunded,2023-01-16,5072.715
5100,Paid,2024-07-21,5118.73
5101,Refunded,2023-04-24,4007.75
5102,Paid,2023-03-09,8891.67
5103,Paid,2024-08-12,5072.715
5104,Failed,2023-01-30,31.85
5105,Paid,2024-06-02,5876.58
5106,Paid,2024-10-25,4030.02
5107,Paid,2023-01-22,1562.94
5108,Paid,2024-03-06,4894.5
5109,Failed,2023-01-30,5798.78
5110,Paid,2024-11-09,8685.62
5111,Paid,2024-10-21,558.24
5112,Paid,2024-02-14,5556.36
5113,Refunded,2023-02-18,9923.77
5114,Paid,2023-11-21,9781.97
5115,Paid,2024-05-02,5072.715
5116,Refunded,2023-10-25,3227.23
5117,Paid,2023-06-30,4191.48
5118,Paid,2023-05-02,2045.59
5119,Failed,2023-05-04,3675.73
5120,Refunded,2024-03-28,5234.85
5121,Paid,2023-09-23,5072.715
5122,Paid,2023-01-28,7560.2
5123,Paid,2023-09-16,4668.21
5124,Paid,2023-03-18,4446.36
5125,Failed,2024-03-07,7629.3
5126,Paid,2024-12-06,3970.66
5127,Refunded,2023-02-04,7096.11
5128,Paid,2024-03-11,44.36
5129,Refunded,2023-04-24,6401.24
5130,Refunded,2023-03-03,11339.62
5131,Paid,2023-02-21,2220.53
5132,Paid,2023-04-26,9299.31
5133,Paid,2023-02-16,7081.82
5134,Refunded,2024-03-13,7623.86
5135,Paid,2024-02-16,7008.7
5136,Failed,2023-04-11,3094.28
5137,Failed,2023-10-06,1089.58
5138,Refunded,2023-04-17,6423.47
5139,Paid,2023-02-04,4631.62
5140,Refunded,2023-12-25,823.69
5141,Failed,2023-01-02,3638.26
5142,Failed,2024-05-06,1838.04
5143,Failed,2023-09-29,10753.48
5144,Paid,2023-05-24,7525.41
5145,Failed,2024-03-10,5072.715
5146,Paid,2024-03-26,6504.41
5147,Paid,2024-08-26,1524.52
5148,Failed,2024-07-19,453.95
5149,Paid,2023-08-16,2904.79
5150,Failed,2024-06-28,4548.07
5151,Paid,2023-08-02,6147.84
5152,Paid,2024-10-09,7609.6
5153,Failed,2023-09-05,3926.33
5154,Failed,2024-02-12,7021.15
5155,Paid,2023-02-22,5072.715
5156,Failed,2024-07-29,9398.49
5157,Paid,2023-11-10,311.99
5158,Refunded,2024-01-09,3518.41
5159,Paid,2023-02-06,2886.77
5160,Paid,2024-12-24,688.24
5161,Paid,2024-06-07,5993.33
5162,Refunded,2023-03-25,10121.26
5163,Failed,2023-04-04,441.83
5164,Paid,2024-02-19,1876.58
5165,Refunded,2023-12-08,5072.715
5166,Refunded,2024-12-19,5072.715
5167,Failed,2024-07-03,7300.13
5168,Refunded,2024-02-25,3560.14
5169,Refunded,2023-12-14,529.95
5170,Refunded,2024-12-15,8849.33
5171,Refunded,2024-08-09,2255.9
5172,Refunded,2023-05-08,6891.71
5173,Refunded,2023-06-01,1585.41
5174,Paid,2024-06-05,4449.87
5175,Paid,2023-02-07,6067.3
5176,Failed,2024-03-02,5072.715
5177,Paid,2023-04-15,6274.6
5178,Failed,2023-06-14,3924.32
5179,Paid,2024-06-27,3630.09
5180,Failed,2023-07-31,9525.74
5181,Refunded,2024-06-09,6065.05
5182,Paid,2023-05-12,6465.99
5183,Paid,2023-06-01,7209.52
5184,Failed,2023-04-06,6727.6
5185,Failed,2024-05-17,6070.17
5186,Paid,2024-06-05,8721.41
5187,Refunded,2024-01-09,2188.06
5188,Refunded,2023-01-16,5444.48
5189,Paid,2024-11-09,4070.81
5190,Failed,2024-08-30,5423.14
5191,Refunded,2023-01-18,2904.86
5192,Failed,2024-02-13,131.97
5193,Refunded,2023-01-07,5072.715
5194,Paid,2024-11-26,5072.715
5195,Paid,2023-09-02,8228.7
5196,Refunded,2024-08-16,7601.7
5197,Refunded,2024-10-04,5765.25
5198,Refunded,2023-05-09,4535.33
5199,Paid,2024-03-30,5072.715
5200,Refunded,2024-08-08,4675.69
5201,Paid,2024-07-24,3056.4
5202,Paid,2023-03-13,35.54
5203,Paid,2023-06-09,5596.51
5204,Refunded,2023-03-28,4164.06
5205,Paid,2024-02-05,8417.82
5206,Paid,2024-04-06,5072.715
5207,Paid,2024-06-12,1094.64
5208,Failed,2023-03-30,10141.3
5209,Paid,2024-10-22,3451.94
5210,Paid,2023-01-06,5072.715
5211,Paid,2024-08-18,31.7
5212,Paid,2023-03-25,5799.5
5213,Paid,2023-09-07,6233.5
5214,Refunded,2024-10-27,10141.84
5215,Paid,2024-02-20,7552.94
5216,Paid,2023-03-13,3488.91
5217,Paid,2024-09-12,318.5
5218,Refunded,2023-04-22,3271.61
5219,Paid,2023-06-21,8131.82
5220,Paid,2024-11-29,3807.61
5221,Paid,2023-09-30,1718.22
5222,Refunded,2024-06-13,5507.58
5223,Failed,2024-11-10,3996.33
5224,Refunded,2023-11-15,3630.59
5225,Refunded,2023-03-23,2755.05
5226,Paid,2023-03-16,5327.0
5227,Paid,2024-03-04,8077.07
5228,Failed,2024-04-04,6542.62
5229,Failed,2023-12-12,781.93
5230,Failed,2023-09-06,9653.29
5231,Refunded,2024-10-04,7254.27
5232,Refunded,2024-01-22,5911.62
5233,Failed,2024-12-13,6273.4
5234,Failed,2023-12-29,6753.81
5235,Failed,2023-10-23,6167.55
5236,Paid,2023-03-09,5072.715
5237,Paid,2024-03-13,6522.59
5238,Failed,2024-06-15,5488.96
5239,Refunded,2024-08-27,6253.81
5240,Paid,2023-05-13,3092.61
5241,Refunded,2023-10-22,8275.07
5242,Paid,2023-10-23,3317.47
5243,Failed,2024-10-08,4855.3
5244,Paid,2023-02-02,5072.715
5245,Paid,2024-01-09,2007.3
5246,Paid,2023-02-01,7146.99
5247,Failed,2024-07-08,3497.01
5248,Paid,2023-11-01,5438.92
5249,Failed,2023-04-18,830.56
5250,Failed,2023-04-06,453.59
5251,Paid,2023-03-07,10191.26
5252,Failed,2024-06-04,9759.33
5253,Failed,2023-08-18,3186.79
5254,Paid,2023-12-24,6366.69
5255,Paid,2024-02-06,5072.715
5256,Refunded,2023-04-09,7002.49
5257,Failed,2023-09-28,5072.715
5258,Paid,2023-12-28,1467.63
5259,Paid,2023-06-13,5064.92
5260,Failed,2024-06-11,6146.92
5261,Refunded,2023-06-18,2905.34
5262,Paid,2023-01-21,1086.44
5263,Paid,2024-06-23,8775.22
5264,Failed,2024-08-17,3606.98
5265,Paid,2024-02-01,3637.53
5266,Refunded,2023-02-05,8697.89
5267,Refunded,2024-05-09,11724.73
5268,Paid,2023-11-10,5982.73
5269,Failed,2024-05-04,7638.81
5270,Paid,2023-10-03,1585.48
5271,Paid,2023-08-21,7192.56
5272,Paid,2024-09-07,7563.26
5273,Refunded,2024-03-11,5072.715
5274,Failed,2023-01-06,3395.94
5275,Failed,2024-06-18,8669.63
5276,Refunded,2024-11-12,4171.53
5277,Refunded,2024-10-25,9271.97
5278,Paid,2023-09-01,5058.1
5279,Refunded,2023-08-29,5072.715
5280,Refunded,2024-07-11,7928.89
5281,Refunded,2023-09-30,11157.96
5282,Failed,2023-03-16,6979.26
5283,Refunded,2023-10-10,5524.4
5284,Paid,2024-12-08,8799.51
5285,Paid,2024-06-18,5072.715
5286,Failed,2023-03-28,6603.9
5287,Paid,2024-09-24,5072.715
5288,Paid,2023-05-29,7103.78
5289,Failed,2023-05-30,709.73
5290,Paid,2024-07-30,1859.09
5291,Failed,2023-06-09,5722.33
5292,Refunded,2024-03-21,2689.14
5293,Failed,2023-03-23,5109.07
5294,Paid,2023-01-07,5610.57
5295,Paid,2023-07-01,2054.12
5296,Paid,2024-06-09,6789.03
5297,Paid,2024-04-22,709.27
5298,Paid,2023-07-02,4034.95
5299,Refunded,2023-11-10,401.64
5300,Paid,2024-07-09,5072.715
5301,Paid,2023-06-23,7868.74
5302,Failed,2023-01-14,5072.715
5303,Paid,2023-10-27,1070.77
5304,Failed,2023-03-14,4297.49
5305,Paid,2024-05-28,2508.64
5306,Paid,2024-12-22,5004.87
5307,Refunded,2024-08-24,5072.715
5308,Failed,2023-12-09,5526.52
5309,Failed,2024-01-31,8518.06
5310,Refunded,2023-11-29,3868.83
5311,Failed,2023-12-21,5259.58
5312,Failed,2024-07-12,4030.76
5313,Refunded,2023-06-12,8030.16
5314,Paid,2023-04-26,5470.69
5315,Paid,2024-02-07,6558.57
5316,Paid,2023-03-20,7280.07
5317,Paid,2024-03-22,833.09
5318,Paid,2023-01-08,7360.75
5319,Paid,2023-01-23,6141.47
5320,Paid,2024-06-26,2976.59
5321,Failed,2024-02-18,8865.19
5322,Paid,2024-11-12,7961.21
5323,Failed,2024-10-03,4430.27
5324,Refunded,2024-02-13,1209.54
5325,Paid,2024-10-30,4827.86
5326,Failed,2023-01-22,2004.11
5327,Paid,2024-09-29,1585.79
5328,Refunded,2024-02-07,5072.715
5329,Paid,2024-11-11,9580.89
5330,Paid,2024-11-08,4718.01
5331,Paid,2023-06-06,5777.68
5332,Refunded,2023-11-26,9028.27
5333,Refunded,2023-01-22,5533.59
5334,Refunded,2024-04-16,3172.65
5335,Failed,2023-09-21,1686.36
5336,Failed,2023-10-30,7445.05
5337,Paid,2024-12-24,6253.72
5338,Refunded,2024-04-09,7782.53
5339,Paid,2023-06-13,2343.21
5340,Paid,2023-05-16,11229.99
5341,Refunded,2023-09-09,2628.11
5342,Failed,2023-07-24,8277.72
5343,Refunded,2023-10-29,699.3
5344,Paid,2023-08-30,2675.67
5345,Failed,2023-03-02,3367.64
5346,Paid,2024-04-09,1934.48
5347,Paid,2023-10-29,2531.92
5348,Paid,2024-04-16,9860.47
5349,Refunded,2024-01-29,3981.46
5350,Paid,2024-08-29,5072.715
5351,Paid,2024-10-21,5072.715
5352,Failed,2023-09-16,1013.95
5353,Failed,2024-06-25,3973.3
5354,Paid,2024-06-13,3841.41
5355,Refunded,2023-07-06,2160.05
5356,Refunded,2023-07-31,5072.715
5357,Refunded,2023-02-04,7585.9
5358,Refunded,2023-05-27,5072.715
5359,Paid,2023-10-09,3624.57
5360,Paid,2024-06-30,5072.715
5361,Failed,2024-08-10,3942.94
5362,Failed,2024-08-06,3805.15
5363,Refunded,2023-09-06,7433.54
5364,Paid,2023-02-26,11603.69
5365,Paid,2023-11-01,7953.97
5366,Failed,2024-06-05,7632.9
5367,Failed,2024-12-25,4823.45
5368,Paid,2023-12-27,7542.98
5369,Failed,2023-08-25,8533.68
5370,Failed,2023-08-22,2423.77
5371,Refunded,2023-08-11,5124.69
5372,Paid,2024-09-07,4027.54
5373,Paid,2023-11-23,3102.51
5374,Paid,2023-04-08,5072.715
5375,Paid,2023-08-14,4293.65
5376,Refunded,2024-05-03,6422.35
5377,Refunded,2024-04-22,6447.43
5378,Paid,2023-11-30,4190.96
5379,Failed,2024-07-08,633.81
5380,Failed,2024-05-26,3948.02
5381,Refunded,2024-01-17,6584.82
5382,Paid,2024-02-27,5907.34
5383,Refunded,2023-12-14,852.82
5384,Paid,2023-06-02,5072.715
5385,Paid,2024-03-27,3339.48
5386,Refunded,2023-10-17,6718.04
5387,Failed,2023-04-29,7444.73
5388,Paid,2023-08-02,6410.86
5389,Paid,2024-07-18,10646.54
5390,Failed,2024-03-14,7998.13
5391,Paid,2024-07-18,3639.58
5392,Refunded,2024-09-20,3945.54
5393,Failed,2024-03-22,4774.17
5394,Failed,2023-02-11,3945.54
5395,Paid,2024-01-30,6108.58
5396,Paid,2023-09-04,1598.46
5397,Paid,2023-10-18,9146.67
5398,Paid,2023-09-05,5124.42
5399,Paid,2024-09-04,9059.47
5400,Paid,2024-08-21,1449.25
5401,Paid,2024-03-24,1459.96
5402,Refunded,2023-03-25,8238.06
5403,Paid,2023-08-09,3058.0
5404,Paid,2024-10-27,2009.49
5405,Failed,2023-02-20,8492.21
5406,Refunded,2024-07-03,2563.66
5407,Paid,2023-07-06,4943.71
5408,Paid,2024-06-08,3375.55
5409,Paid,2023-08-11,7273.1
5410,Failed,2024-04-09,5679.88
5411,Paid,2024-02-23,7733.82
5412,Paid,2023-03-28,1403.28
5413,Failed,2023-09-16,5723.22
5414,Paid,2023-06-30,5274.64
5415,Paid,2023-11-07,2753.14
5416,Refunded,2023-06-22,1892.87
5417,Failed,2023-11-18,4738.48
5418,Failed,2024-12-07,4127.07
5419,Paid,2023-12-06,8539.69
5420,Paid,2024-05-10,7477.35
5421,Failed,2023-09-02,2941.43
5422,Paid,2024-05-19,4229.15
5423,Paid,2023-11-25,6640.98
5424,Failed,2023-07-15,6970.87
5425,Paid,2023-03-03,5072.715
5426,Failed,2023-01-25,4808.49
5427,Refunded,2024-07-17,5477.59
5428,Failed,2024-07-15,340.34
5429,Failed,2024-01-13,5072.715
5430,Failed,2023-10-22,7733.38
5431,Refunded,2023-02-21,1724.44
5432,Paid,2023-02-09,26.82
5433,Refunded,2024-07-25,7306.22
5434,Paid,2024-12-28,3815.9
5435,Failed,2024-04-01,5072.715
5436,Failed,2024-12-09,563.03
5437,Refunded,2023-01-02,584.51
5438,Refunded,2024-04-13,3660.23
5439,Refunded,2023-04-16,4576.23
5440,Refunded,2023-08-04,8731.41
5441,Failed,2024-11-09,4600.82
5442,Failed,2024-02-18,5072.715
5443,Paid,2023-07-29,4131.87
5444,Refunded,2023-02-27,5072.715
5445,Refunded,2023-02-12,3529.9
5446,Paid,2023-05-18,6903.85
5447,Paid,2024-09-12,5260.96
5448,Failed,2024-05-03,7327.32
5449,Paid,2024-07-13,8245.86
5450,Refunded,2024-09-29,5072.715
5451,Paid,2024-04-13,3048.84
5452,Paid,2024-12-26,8012.19
5453,Failed,2024-10-01,5314.66
5454,Paid,2024-01-24,5072.715
5455,Refunded,2023-07-17,8100.96
5456,Failed,2023-07-21,2624.89
5457,Paid,2023-07-11,2805.42
5458,Failed,2023-04-17,5072.715
5459,Failed,2024-12-06,1011.45
5460,Paid,2023-11-23,4335.01
5461,Failed,2024-10-05,5541.16
5462,Paid,2023-12-23,1867.88
5463,Paid,2024-08-17,4678.49
5464,Refunded,2024-05-15,3206.28
5465,Refunded,2023-10-11,4769.67
5466,Refunded,2024-04-12,9333.33
5467,Refunded,2024-05-22,5258.25
5468,Refunded,2023-04-16,5317.97
5469,Paid,2023-10-21,11113.76
5470,Failed,2023-03-07,3477.88
5471,Paid,2023-07-14,6838.31
5472,Failed,2023-07-07,3406.36
5473,Failed,2023-02-16,7357.26
5474,Paid,2023-12-28,2285.65
5475,Paid,2024-06-20,3995.45
5476,Paid,2024-07-31,3316.57
5477,Paid,2024-05-01,1869.3
5478,Paid,2024-08-01,1378.99
5479,Failed,2024-12-09,6222.34
5480,Paid,2023-09-03,3089.47
5481,Paid,2024-09-03,4185.11
5482,Paid,2023-06-27,4611.48
5483,Paid,2023-04-25,602.4
5484,Failed,2024-11-10,3820.96
5485,Paid,2024-09-22,360.03
5486,Failed,2023-06-14,3621.21
5487,Paid,2023-08-07,9494.59
5488,Paid,2023-07-16,3386.26
5489,Refunded,2024-02-05,1557.36
5490,Refunded,2024-11-11,3529.51
5491,Failed,2023-03-17,9705.18
5492,Paid,2024-03-01,3652.45
5493,Paid,2023-10-14,350.36
5494,Refunded,2024-06-28,476.95
5495,Paid,2023-10-26,3784.41
5496,Paid,2024-12-07,7439.6
5497,Failed,2023-10-21,6323.07
5498,Refunded,2024-03-22,8293.45
5499,Failed,2024-02-18,6883.61
5500,Failed,2024-03-06,5033.67
5501,Paid,2023-08-18,2921.87
5502,Refunded,2023-04-06,9154.55
5503,Failed,2024-03-14,629.65
5504,Paid,2023-06-20,11931.82
5505,Paid,2023-11-13,2699.51
5506,Paid,2024-06-27,2823.76
5507,Refunded,2024-05-05,3401.54
5508,Refunded,2024-01-23,5041.12
5509,Paid,2024-07-10,887.64
5510,Failed,2023-03-13,5072.715
5511,Paid,2024-06-15,7803.48
5512,Paid,2023-08-27,9023.11
5513,Paid,2024-12-11,1684.33
5514,Paid,2024-07-30,6000.62
5515,Paid,2024-11-30,3429.74
5516,Failed,2023-03-30,6506.33
5517,Failed,2024-12-13,2307.67
5518,Paid,2024-06-18,7193.37
5519,Failed,2024-10-03,4600.19
5520,Refunded,2023-06-03,3523.11
5521,Refunded,2024-08-12,4888.11
5522,Paid,2023-07-09,9333.21
5523,Paid,2024-02-19,5072.715
5524,Refunded,2023-06-03,5854.95
5525,Failed,2024-09-16,5269.67
5526,Paid,2023-12-05,5282.63
5527,Paid,2024-09-20,8654.01
5528,Paid,2024-05-31,7497.0
5529,Refunded,2023-02-04,919.69
5530,Refunded,2024-11-01,5072.715
5531,Paid,2024-12-22,9836.59
5532,Paid,2024-06-09,4301.69
5533,Failed,2024-06-20,7564.1
5534,Failed,2023-08-06,5072.715
5535,Refunded,2023-09-11,2101.59
5536,Paid,2023-07-22,12184.77
5537,Refunded,2023-04-11,7289.78
5538,Paid,2023-12-27,5654.73
5539,Failed,2024-12-11,10521.89
5540,Paid,2023-06-27,1667.79
5541,Failed,2023-10-03,8807.63
5542,Paid,2023-11-08,2427.5
5543,Refunded,2024-10-03,5283.94
5544,Failed,2024-02-14,125.45
5545,Paid,2023-10-15,3849.16
5546,Paid,2024-10-14,8970.96
5547,Failed,2024-06-08,3468.22
5548,Paid,2024-02-05,6479.23
5549,Failed,2023-08-05,3539.75
5550,Refunded,2024-11-28,6291.98
5551,Refunded,2024-04-14,7234.38
5552,Paid,2023-01-27,2965.74
5553,Paid,2024-12-30,2403.82
5554,Paid,2024-02-26,5072.715
5555,Paid,2023-01-14,3727.89
5556,Failed,2024-05-15,1072.05
5557,Refunded,2024-10-15,6004.8
5558,Paid,2023-11-21,6144.91
5559,Paid,2023-11-20,390.03
5560,Paid,2024-07-20,7516.88
5561,Paid,2024-12-03,3800.68
5562,Paid,2023-10-12,5984.84
5563,Paid,2023-03-30,4255.4
5564,Refunded,2023-02-14,5978.16
5565,Paid,2024-10-05,5351.51
5566,Paid,2024-05-12,7633.6
5567,Paid,2024-05-12,5005.71
5568,Paid,2024-07-31,7261.98
5569,Refunded,2024-10-21,9274.36
5570,Refunded,2023-05-25,4753.96
5571,Paid,2024-06-01,4209.76
5572,Refunded,2023-03-23,6687.85
5573,Paid,2024-09-26,1182.09
5574,Paid,2023-06-16,5072.715
5575,Refunded,2023-04-15,2272.64
5576,Paid,2024-05-02,6656.48
5577,Paid,2023-11-06,5450.33
5578,Failed,2023-03-23,8804.35
5579,Paid,2023-04-04,8624.43
5580,Paid,2023-11-17,883.31
5581,Failed,2023-12-09,59.7
5582,Failed,2023-12-27,5115.95
5583,Paid,2023-03-07,5072.715
5584,Failed,2024-09-15,916.72
5585,Refunded,2024-03-04,5072.715
5586,Refunded,2024-02-05,1255.1
5587,Paid,2023-06-20,1917.02
5588,Refunded,2024-07-31,5072.715
5589,Paid,2023-03-09,3541.95
5590,Refunded,2024-05-06,9493.19
5591,Refunded,2023-02-03,3295.53
5592,Failed,2023-01-01,6659.33
5593,Refunded,2023-05-31,3411.67
5594,Paid,2023-09-15,4351.77
5595,Refunded,2024-09-19,3823.19
5596,Refunded,2024-08-10,6668.49
5597,Paid,2023-01-19,7173.4
5598,Paid,2023-02-04,11184.47
5599,Failed,2024-01-06,5044.62
5600,Paid,2024-05-05,6643.54
5601,Refunded,2023-08-29,1919.65
5602,Paid,2023-01-07,7063.04
5603,Failed,2024-07-02,5075.7
5604,Paid,2024-01-06,2986.82
5605,Paid,2024-10-26,2393.65
5606,Paid,2023-09-07,5072.715
5607,Failed,2023-04-25,2784.84
5608,Refunded,2024-07-06,5919.75
5609,Failed,2023-12-03,4103.75
5610,Paid,2024-07-27,6848.21
5611,Refunded,2024-11-11,2042.42
5612,Paid,2023-05-22,7874.93
5613,Paid,2024-04-29,5736.75
5614,Failed,2024-03-13,1205.02
5615,Failed,2023-03-29,4925.19
5616,Paid,2024-04-07,11573.08
5617,Paid,2023-02-17,9395.69
5618,Refunded,2024-04-25,10032.7
5619,Paid,2024-06-07,4361.3
5620,Refunded,2023-07-30,8409.4
5621,Paid,2023-09-01,8930.68
5622,Paid,2023-08-27,1868.33
5623,Refunded,2023-07-16,8871.98
5624,Refunded,2023-08-23,8192.48
5625,Paid,2023-07-06,2981.47
5626,Failed,2024-12-13,5280.4
5627,Paid,2024-09-06,5072.715
5628,Refunded,2023-10-17,4826.1
5629,Paid,2023-08-09,7650.22
5630,Failed,2024-05-11,5072.715
5631,Paid,2024-05-10,1715.14
5632,Paid,2023-10-29,1402.76
5633,Paid,2023-07-06,4156.22
5634,Paid,2024-03-25,5072.715
5635,Paid,2024-02-16,271.69
5636,Failed,2024-09-02,10778.73
5637,Refunded,2023-09-02,8203.33
5638,Paid,2023-11-09,6541.41
5639,Paid,2024-05-10,7447.35
5640,Paid,2023-01-22,3056.95
5641,Paid,2023-03-09,572.43
5642,Paid,2024-01-27,6229.53
5643,Refunded,2023-11-12,8132.45
5644,Refunded,2023-03-06,3518.61
5645,Paid,2024-12-29,2167.47
5646,Paid,2024-06-24,3374.0
5647,Paid,2024-12-05,6443.44
5648,Paid,2024-07-21,6805.83
5649,Refunded,2023-07-31,10430.04
5650,Refunded,2023-07-19,6339.03
5651,Paid,2023-06-27,2500.82
5652,Refunded,2024-02-27,5072.715
5653,Failed,2024-10-26,1858.36
5654,Refunded,2024-04-06,8320.57
5655,Paid,2023-02-13,1654.43
5656,Refunded,2024-03-06,3303.44
5657,Refunded,2023-06-17,6444.29
5658,Paid,2023-10-14,5072.715
5659,Failed,2024-12-09,5072.715
5660,Paid,2023-12-03,978.88
5661,Refunded,2024-08-08,6912.8
5662,Refunded,2023-06-20,4930.97
5663,Paid,2023-07-02,4252.11
5664,Failed,2023-01-16,4151.37
5665,Paid,2024-05-10,1295.99
5666,Paid,2024-08-02,10000.4
5667,Refunded,2024-07-07,1242.82
5668,Refunded,2023-04-20,5072.715
5669,Paid,2024-07-06,9492.12
5670,Refunded,2023-11-02,5681.25
5671,Refunded,2023-01-06,2989.12
5672,Paid,2024-11-23,3110.77
5673,Refunded,2023-09-30,7637.93
5674,Refunded,2023-12-27,4082.7
5675,Failed,2023-07-04,4903.87
5676,Paid,2024-10-17,6866.61
5677,Failed,2023-04-10,7790.58
5678,Failed,2023-03-31,3325.71
5679,Refunded,2023-09-03,5072.715
5680,Paid,2023-08-27,1991.41
5681,Paid,2024-12-24,9142.98
5682,Refunded,2023-03-22,5205.43
5683,Failed,2023-04-25,1252.44
5684,Failed,2023-10-03,2199.92
5685,Failed,2023-03-21,8493.53
5686,Paid,2024-07-21,5260.46
5687,Refunded,2023-06-28,24.23
5688,Paid,2023-11-05,1693.56
5689,Failed,2024-07-14,8458.6
5690,Paid,2024-05-23,3296.51
5691,Paid,2023-09-17,11284.39
5692,Refunded,2023-10-19,5072.715
5693,Refunded,2023-10-18,9468.67
5694,Paid,2024-06-25,6494.6
5695,Paid,2023-03-04,8099.13
5696,Refunded,2024-08-16,4832.58
5697,Paid,2024-02-09,4910.4
5698,Refunded,2024-04-24,1399.72
5699,Failed,2023-11-21,4866.22
5700,Paid,2024-01-16,1194.33
5701,Failed,2024-11-11,5072.715
5702,Failed,2023-11-06,1366.82
5703,Paid,2023-12-09,2394.4
5704,Failed,2024-10-31,2664.68
5705,Failed,2024-04-19,5072.715
5706,Failed,2023-02-25,2840.85
5707,Failed,2024-02-29,4073.05
5708,Paid,2023-05-22,8571.92
5709,Paid,2024-10-22,4841.78
5710,Failed,2024-01-11,7784.29
5711,Paid,2023-08-14,7906.08
5712,Refunded,2024-04-18,9230.22
5713,Paid,2023-01-25,5072.715
5714,Failed,2024-11-20,1454.22
5715,Paid,2023-12-31,4650.53
5716,Failed,2023-04-05,1872.98
5717,Failed,2024-05-22,4310.75
5718,Paid,2024-07-18,2151.41
5719,Paid,2024-08-04,1342.6
5720,Refunded,2023-06-25,6066.22
5721,Failed,2024-10-05,10595.35
5722,Paid,2024-02-12,4249.26
5723,Refunded,2024-05-04,5831.77
5724,Refunded,2024-04-03,5194.95
5725,Refunded,2024-02-17,4896.55
5726,Paid,2023-12-04,9286.88
5727,Failed,2023-11-27,4170.14
5728,Paid,2023-08-01,5072.715
5729,Failed,2024-12-23,2368.02
5730,Paid,2023-12-11,5320.16
5731,Refunded,2024-07-29,4679.21
5732,Failed,2024-06-30,4311.27
5733,Paid,2024-06-07,3469.49
5734,Paid,2023-12-12,5257.95
5735,Refunded,2023-09-05,11165.4
5736,Failed,2024-09-15,4021.11
5737,Refunded,2023-11-21,11490.18
5738,Refunded,2024-04-11,6415.06
5739,Refunded,2023-04-01,2989.04
5740,Paid,2023-10-21,7600.77
5741,Refunded,2024-06-24,2303.87
5742,Failed,2024-06-07,4954.16
5743,Paid,2024-10-20,6555.57
5744,Paid,2024-10-10,5072.715
5745,Failed,2024-10-30,6911.18
5746,Paid,2023-09-16,7174.21
5747,Failed,2023-03-28,5891.77
5748,Failed,2023-06-07,7168.67
5749,Paid,2024-05-08,3320.63
5750,Paid,2023-07-05,8529.08
5751,Refunded,2023-12-10,3619.81
5752,Failed,2024-05-30,8470.86
5753,Failed,2024-07-22,4939.73
5754,Failed,2024-05-23,5072.715
5755,Failed,2024-06-23,7646.41
5756,Failed,2023-01-16,9519.55
5757,Paid,2024-06-08,5072.715
5758,Failed,2023-07-19,5648.4
5759,Failed,2023-07-03,2748.74
5760,Failed,2023-11-05,2392.03
5761,Refunded,2024-05-22,466.9
5762,Refunded,2023-10-08,3783.92
5763,Paid,2023-06-07,2996.36
5764,Failed,2023-12-26,2625.93
5765,Failed,2023-09-16,1899.54
5766,Paid,2023-06-06,6576.09
5767,Refunded,2024-02-29,370.81
5768,Paid,2024-08-28,1726.96
5769,Failed,2023-01-21,5099.46
5770,Failed,2024-09-30,7909.08
5771,Paid,2023-12-13,2209.48
5772,Paid,2023-12-16,8151.11
5773,Paid,2024-01-20,5072.715
5774,Paid,2024-03-13,5006.4
5775,Failed,2024-03-31,5918.27
5776,Paid,2024-09-15,2035.08
5777,Refunded,2024-06-29,1070.35
5778,Paid,2023-03-21,5380.09
5779,Paid,2024-03-27,4892.91
5780,Paid,2024-08-17,2565.4
5781,Refunded,2024-06-24,4133.67
5782,Failed,2024-05-03,3194.35
5783,Failed,2024-10-04,8752.25
5784,Failed,2024-06-06,7039.95
5785,Paid,2024-01-27,5581.35
5786,Refunded,2024-07-27,10661.6
5787,Paid,2023-12-25,8104.44
5788,Failed,2023-02-02,8731.85
5789,Paid,2023-05-16,9743.29
5790,Failed,2024-08-22,4531.99
5791,Refunded,2024-02-14,1346.59
5792,Paid,2024-06-12,5072.715
5793,Failed,2023-04-01,7217.52
5794,Refunded,2024-02-17,2100.47
5795,Paid,2023-10-26,5072.715
5796,Refunded,2024-05-01,2473.3
5797,Paid,2023-03-14,1955.38
5798,Failed,2024-12-18,7333.2
5799,Failed,2023-09-18,7395.32
5800,Refunded,2024-11-20,5072.715
5801,Paid,2023-11-08,4251.08
5802,Refunded,2024-11-15,8480.27
5803,Refunded,2023-06-14,4512.7
5804,Failed,2023-12-01,6637.72
5805,Failed,2024-05-16,4359.18
5806,Failed,2023-06-10,10741.69
5807,Refunded,2024-01-25,11802.86
5808,Refunded,2023-03-12,1430.6
5809,Paid,2023-04-02,8831.07
5810,Paid,2023-12-27,2209.39
5811,Refunded,2023-11-17,8486.11
5812,Paid,2023-09-02,9920.06
5813,Refunded,2023-01-24,5072.715
5814,Failed,2024-07-10,5072.715
5815,Paid,2024-12-01,3514.51
5816,Failed,2024-02-07,8503.79
5817,Refunded,2024-01-08,6427.09
5818,Failed,2023-10-13,4255.23
5819,Refunded,2024-03-16,7163.17
5820,Refunded,2024-08-17,4124.12
5821,Paid,2023-12-18,5395.3
5822,Refunded,2023-08-07,6635.03
5823,Paid,2024-04-29,6432.6
5824,Paid,2024-03-18,5072.715
5825,Paid,2023-08-06,5072.715
5826,Refunded,2024-12-02,7840.32
5827,Failed,2023-03-08,2179.05
5828,Refunded,2023-01-31,3785.29
5829,Refunded,2023-11-18,4521.32
5830,Failed,2023-09-07,5072.715
5831,Failed,2024-07-19,965.12
5832,Paid,2023-01-10,3647.73
5833,Paid,2024-11-08,5816.95
5834,Paid,2023-10-12,4597.5
5835,Paid,2023-06-02,9417.73
5836,Paid,2024-06-27,4676.51
5837,Paid,2024-06-12,5044.65
5838,Failed,2024-01-06,5547.22
5839,Paid,2023-10-28,4601.27
5840,Refunded,2023-05-26,6433.23
5841,Paid,2024-08-09,3445.82
5842,Refunded,2024-09-27,1502.08
5843,Paid,2023-02-21,4784.95
5844,Paid,2024-02-08,5072.715
5845,Paid,2024-12-02,5072.715
5846,Paid,2023-05-21,2334.04
5847,Failed,2023-03-29,5481.32
5848,Refunded,2024-03-02,5072.715
5849,Failed,2023-03-25,5072.715
5850,Failed,2023-08-31,2869.98
5851,Refunded,2023-04-16,5072.715
5852,Paid,2024-08-26,10107.9
5853,Refunded,2023-12-21,5072.715
5854,Paid,2023-01-21,8287.64
5855,Failed,2023-01-06,1728.1
5856,Paid,2023-08-09,3364.47
5857,Paid,2023-03-28,5072.715
5858,Paid,2024-11-22,8243.0
5859,Refunded,2024-03-28,10317.81
5860,Paid,2023-12-08,8337.8
5861,Refunded,2024-01-28,6534.8
5862,Paid,2023-12-18,8188.34
5863,Paid,2023-09-03,942.43
5864,Failed,2024-11-16,7681.48
5865,Failed,2023-04-23,1693.68
5866,Refunded,2024-08-05,2782.58
5867,Paid,2023-06-07,6187.02
5868,Paid,2023-08-25,1292.57
5869,Paid,2024-11-29,8677.52
5870,Refunded,2023-08-31,5004.31
5871,Paid,2023-06-15,1095.81
5872,Paid,2023-02-03,9528.75
5873,Refunded,2023-09-12,4211.19
5874,Failed,2023-10-29,4508.88
5875,Refunded,2023-08-08,4338.69
5876,Refunded,2023-02-01,5072.715
5877,Paid,2024-05-23,8774.32
5878,Paid,2024-04-26,5084.09
5879,Paid,2023-08-21,5459.42
5880,Paid,2023-08-03,7042.89
5881,Paid,2023-08-30,4119.0
5882,Refunded,2023-09-02,1635.82
5883,Refunded,2023-01-20,2207.45
5884,Paid,2023-07-29,7619.53
5885,Paid,2024-12-22,4964.32
5886,Paid,2024-03-01,8017.76
5887,Failed,2023-03-13,5072.715
5888,Paid,2024-11-04,7661.66
5889,Refunded,2023-06-27,8769.35
5890,Failed,2024-06-06,2864.4
5891,Failed,2023-10-26,6805.84
5892,Paid,2023-09-23,3597.93
5893,Failed,2024-06-03,1717.07
5894,Paid,2024-05-09,6382.55
5895,Paid,2023-10-02,7262.58
5896,Refunded,2024-12-05,3967.24
5897,Paid,2023-02-22,5142.86
5898,Paid,2024-08-30,7109.03
5899,Paid,2024-02-04,3164.16
5900,Failed,2024-02-18,7431.95
5901,Paid,2024-08-26,2280.56
5902,Failed,2024-10-17,6223.35
5903,Paid,2024-05-03,1372.94
5904,Refunded,2024-05-16,9037.94
5905,Paid,2023-11-03,7054.68
5906,Paid,2024-02-21,11031.9
5907,Refunded,2024-05-23,2196.81
5908,Paid,2024-06-13,6996.98
5909,Paid,2024-09-29,4941.83
5910,Refunded,2024-10-27,601.3
5911,Refunded,2023-01-06,5072.715
5912,Paid,2024-02-26,6706.25
5913,Refunded,2024-03-26,10910.51
5914,Refunded,2024-03-02,3486.54
5915,Failed,2024-01-25,6423.25
5916,Failed,2023-11-30,5920.54
5917,Paid,2024-03-23,4478.06
5918,Refunded,2023-12-04,4699.28
5919,Paid,2023-03-29,7239.5
5920,Paid,2023-09-26,4698.14
5921,Paid,2023-03-06,4294.29
5922,Paid,2024-11-08,3480.14
5923,Refunded,2023-03-05,495.49
5924,Refunded,2023-09-27,7801.22
5925,Paid,2024-10-18,3448.66
5926,Paid,2024-01-12,8699.07
5927,Paid,2023-11-25,8782.98
5928,Refunded,2024-06-01,5072.715
5929,Paid,2024-09-24,6333.62
5930,Failed,2024-02-25,6680.89
5931,Failed,2023-11-09,5072.715
5932,Paid,2023-11-05,5780.51
5933,Failed,2024-10-05,8540.08
5934,Paid,2023-07-08,4752.26
5935,Refunded,2024-12-21,6656.54
5936,Paid,2023-02-11,4674.31
5937,Paid,2024-08-12,1066.48
5938,Refunded,2023-11-16,7233.12
5939,Paid,2024-10-18,5072.715
5940,Paid,2024-03-20,6648.03
5941,Paid,2024-01-09,8261.95
5942,Paid,2023-10-13,6763.97
5943,Paid,2023-06-20,2632.32
5944,Paid,2024-08-27,9639.03
5945,Failed,2023-09-20,5072.715
5946,Failed,2024-06-18,6996.72
5947,Paid,2023-05-22,10564.41
5948,Failed,2023-05-28,11359.77
5949,Failed,2024-03-15,3075.21
5950,Refunded,2024-09-19,2267.12
5951,Refunded,2024-08-15,7229.56
5952,Paid,2024-02-20,5072.715
5953,Paid,2023-01-25,4335.42
5954,Paid,2024-09-18,3022.81
5955,Refunded,2023-04-04,4432.64
5956,Refunded,2023-11-01,1318.28
5957,Paid,2023-07-04,4542.11
5958,Paid,2023-10-10,5072.715
5959,Paid,2023-06-04,10177.23
5960,Paid,2024-11-16,6405.88
5961,Failed,2024-11-15,323.58
5962,Paid,2024-10-27,5196.13
5963,Refunded,2023-01-14,9257.4
5964,Paid,2024-10-01,4378.27
5965,Paid,2023-12-07,7056.29
5966,Failed,2024-08-26,5072.715
5967,Refunded,2024-04-17,5072.715
5968,Refunded,2023-04-18,6076.6
5969,Failed,2023-11-27,6768.95
5970,Refunded,2024-06-23,3752.89
5971,Failed,2024-03-14,4386.82
5972,Refunded,2024-12-09,2366.11
5973,Refunded,2024-12-12,3544.4
5974,Refunded,2024-10-27,5072.715
5975,Refunded,2024-01-19,6617.26
5976,Failed,2024-08-04,5072.715
5977,Paid,2023-06-09,5072.715
5978,Refunded,2024-03-07,3251.73
5979,Failed,2024-01-31,770.3
5980,Failed,2024-09-06,5768.51
5981,Failed,2024-05-02,3124.42
5982,Paid,2023-07-08,5072.715
5983,Paid,2024-02-22,8047.64
5984,Failed,2023-12-09,5072.715
5985,Failed,2023-12-27,3125.91
5986,Failed,2023-04-19,363.66
5987,Paid,2023-10-28,512.41
5988,Refunded,2024-01-03,6633.59
5989,Paid,2023-09-12,5633.58
5990,Failed,2023-11-12,3302.45
5991,Paid,2024-12-05,2149.05
5992,Failed,2023-03-12,1755.9
5993,Refunded,2023-09-26,5072.715
5994,Paid,2024-05-15,4304.12
5995,Paid,2023-07-28,2311.37
5996,Paid,2024-04-22,6252.49
5997,Paid,2023-06-25,5847.72
5998,Refunded,2023-08-27,2088.14
5999,Paid,2024-09-01,3577.25
6000,Refunded,2024-03-17,7581.87
6001,Paid,2024-08-23,7245.15
6002,Paid,2024-05-06,5072.715
6003,Paid,2023-04-09,9984.5
6004,Refunded,2023-11-25,5072.715
6005,Paid,2023-11-22,7365.45
6006,Paid,2024-03-20,5072.715
6007,Paid,2024-10-27,4543.31
6008,Failed,2023-10-22,2253.02
6009,Paid,2024-03-17,39.47
6010,Paid,2023-01-31,5072.715
6011,Failed,2023-05-11,4016.03
6012,Paid,2024-12-28,8216.15
6013,Paid,2024-06-10,3267.43
6014,Failed,2024-03-13,5806.33
6015,Paid,2023-11-22,3782.53
6016,Paid,2023-09-24,2080.66
6017,Failed,2023-10-13,7419.55
6018,Paid,2023-10-18,5072.715
6019,Paid,2024-01-03,3697.53
6020,Refunded,2024-04-30,1438.08
6021,Paid,2024-07-08,65.72
6022,Failed,2023-06-17,5072.715
6023,Paid,2024-04-15,4702.65
6024,Refunded,2023-06-19,5072.715
6025,Refunded,2023-12-12,6526.83
6026,Paid,2023-03-19,1265.16
6027,Refunded,2023-03-26,5009.63
6028,Failed,2024-10-22,4893.59
6029,Refunded,2023-07-20,8033.12
6030,Paid,2024-08-11,5072.715
6031,Refunded,2023-12-27,187.08
6032,Paid,2024-07-18,8295.87
6033,Refunded,2023-10-29,7892.51
6034,Paid,2023-10-20,2564.74
6035,Paid,2023-10-21,4863.34
6036,Failed,2023-04-19,1309.58
6037,Failed,2023-12-31,4849.17
6038,Refunded,2024-08-22,5072.715
6039,Paid,2024-11-08,6562.76
6040,Refunded,2024-05-08,6239.88
6041,Refunded,2023-09-24,4717.81
6042,Paid,2023-04-03,5589.81
6043,Paid,2024-11-15,2630.39
6044,Failed,2023-03-05,1614.67
6045,Paid,2024-03-03,11343.02
6046,Refunded,2024-09-29,8073.57
6047,Paid,2024-01-03,5392.41
6048,Refunded,2023-04-15,4357.81
6049,Paid,2023-07-28,12208.53
6050,Failed,2024-07-27,10020.77
6051,Failed,2024-04-18,4145.74
6052,Paid,2023-03-02,2088.14
6053,Failed,2023-12-12,5157.32
6054,Refunded,2023-01-12,3865.89
6055,Paid,2024-04-10,2158.62
6056,Refunded,2024-10-10,9115.95
6057,Paid,2023-07-14,6573.09
6058,Refunded,2023-03-15,3778.15
6059,Failed,2024-01-21,5072.715
6060,Paid,2023-05-16,5038.53
6061,Refunded,2024-07-08,3541.93
6062,Paid,2024-03-11,3282.56
6063,Failed,2023-02-08,11161.33
6064,Paid,2024-06-26,5072.715
6065,Refunded,2024-10-15,1634.54
6066,Paid,2023-11-16,6962.96
6067,Paid,2024-07-09,8349.27
6068,Refunded,2024-11-30,5462.45
6069,Failed,2023-12-19,166.62
6070,Failed,2024-05-28,4592.28
6071,Refunded,2024-04-27,3473.87
6072,Failed,2024-02-20,9011.39
6073,Paid,2024-01-05,2464.67
6074,Paid,2023-12-09,5691.41
6075,Refunded,2023-11-21,6793.99
6076,Paid,2024-01-02,2427.22
6077,Paid,2023-12-02,3215.1
6078,Refunded,2023-10-23,6299.85
6079,Failed,2023-01-24,5072.715
6080,Refunded,2024-03-17,9085.88
6081,Refunded,2023-04-14,1965.85
6082,Paid,2024-02-16,5132.72
6083,Paid,2024-07-27,942.06
6084,Paid,2024-10-26,8955.11
6085,Paid,2023-10-21,5072.715
6086,Failed,2023-08-31,5641.69
6087,Refunded,2023-12-08,6678.14
6088,Refunded,2024-09-24,8269.61
6089,Failed,2023-06-22,1643.88
6090,Refunded,2024-02-20,4191.52
6091,Paid,2023-04-13,8787.6
6092,Refunded,2023-06-09,3682.65
6093,Failed,2023-09-14,9100.74
6094,Paid,2024-12-14,5618.24
6095,Paid,2024-07-10,3728.08
6096,Failed,2024-07-29,7080.11
6097,Refunded,2023-07-15,4538.91
6098,Refunded,2024-01-26,7550.55
6099,Paid,2023-03-11,3562.98
6100,Refunded,2024-11-23,7570.16
6101,Paid,2023-09-04,6312.55
6102,Failed,2023-11-25,3984.19
6103,Failed,2023-06-07,469.16
6104,Refunded,2024-11-28,6435.49
6105,Paid,2024-08-07,8225.24
6106,Paid,2023-02-24,5576.64
6107,Paid,2024-04-30,1733.7
6108,Failed,2023-08-31,8419.01
6109,Paid,2023-12-19,5072.715
6110,Failed,2024-02-14,6853.29
6111,Paid,2024-12-27,4761.29
6112,Paid,2023-01-15,795.85
6113,Paid,2023-05-27,6741.53
6114,Refunded,2024-05-04,4341.53
6115,Paid,2024-10-17,2807.05
6116,Failed,2023-01-25,10229.15
6117,Paid,2024-09-02,6765.92
6118,Paid,2024-11-21,5656.96
6119,Paid,2023-11-29,2411.7
6120,Paid,2023-06-23,2036.03
6121,Failed,2023-10-17,6505.68
6122,Refunded,2024-07-23,985.21
6123,Paid,2023-05-25,6652.45
6124,Failed,2023-05-02,6837.38
6125,Refunded,2023-01-27,5072.715
6126,Refunded,2023-03-07,7945.65
6127,Paid,2023-04-11,8420.12
6128,Paid,2024-01-23,3207.61
6129,Paid,2023-04-04,603.08
6130,Paid,2023-03-08,5526.84
6131,Failed,2023-09-07,6330.57
6132,Failed,2023-05-22,8034.05
6133,Paid,2023-09-24,9460.19
6134,Failed,2024-07-05,5072.715
6135,Failed,2023-08-03,7570.68
6136,Paid,2024-05-03,1731.77
6137,Paid,2024-05-10,5825.7
6138,Failed,2024-04-24,7099.69
6139,Paid,2024-10-04,420.24
6140,Failed,2024-05-04,6871.82
6141,Refunded,2023-01-01,1805.3
6142,Refunded,2023-01-09,3818.27
6143,Refunded,2024-01-15,7579.03
6144,Paid,2023-05-24,4046.96
6145,Paid,2023-10-29,4000.78
6146,Failed,2024-10-11,5958.23
6147,Paid,2024-02-21,7394.45
6148,Paid,2023-06-28,4996.82
6149,Paid,2023-10-05,9744.66
6150,Refunded,2023-05-24,3993.14
6151,Failed,2023-12-05,8697.95
6152,Paid,2024-04-03,6589.06
6153,Paid,2024-12-02,7016.07
6154,Paid,2023-11-27,1517.93
6155,Refunded,2023-09-27,5072.715
6156,Refunded,2023-07-06,5360.22
6157,Failed,2024-10-27,11936.85
6158,Paid,2023-06-21,5771.44
6159,Paid,2024-02-08,4939.48
6160,Refunded,2024-04-12,3457.87
6161,Failed,2023-09-04,5014.49
6162,Paid,2024-06-06,9233.8
6163,Failed,2024-07-12,7348.31
6164,Paid,2023-04-21,5884.39
6165,Refunded,2023-10-30,7567.38
6166,Paid,2024-04-17,3672.84
6167,Paid,2023-10-19,3442.92
6168,Paid,2023-09-09,3118.9
6169,Paid,2024-08-10,7964.2
6170,Failed,2023-06-24,8264.19
6171,Paid,2023-04-19,2603.62
6172,Paid,2023-12-06,5072.715
6173,Paid,2023-01-14,4592.56
6174,Paid,2024-11-23,1930.98
6175,Refunded,2023-11-18,5072.715
6176,Failed,2023-02-12,9307.7
6177,Paid,2024-04-05,6103.96
6178,Refunded,2023-04-12,8081.43
6179,Paid,2024-09-16,1038.0
6180,Paid,2024-12-05,3490.01
6181,Refunded,2023-01-09,690.01
6182,Paid,2023-05-29,4812.88
6183,Refunded,2023-12-04,11546.07
6184,Paid,2023-08-12,10312.13
6185,Failed,2023-04-20,6159.13
6186,Paid,2023-12-20,5242.29
6187,Failed,2023-03-25,6441.25
6188,Failed,2024-07-08,1463.9
6189,Paid,2023-03-07,5731.79
6190,Failed,2024-01-23,1433.15
6191,Failed,2024-09-12,5072.715
6192,Refunded,2024-09-05,3960.82
6193,Paid,2023-05-15,12121.41
6194,Failed,2023-03-27,9998.84
6195,Paid,2023-03-25,8434.82
6196,Refunded,2023-08-15,5051.93
6197,Paid,2023-09-17,9677.78
6198,Failed,2023-01-20,3463.61
6199,Failed,2023-02-04,1449.08
6200,Paid,2024-03-18,3288.76
6201,Failed,2023-09-27,180.3
6202,Paid,2024-02-10,11799.07
6203,Failed,2024-05-22,6629.14
6204,Failed,2023-10-31,5072.715
6205,Paid,2024-10-31,4762.38
6206,Paid,2023-10-12,4669.02
6207,Refunded,2024-07-01,9304.41
6208,Paid,2023-01-29,11714.67
6209,Paid,2024-01-26,8255.66
6210,Paid,2024-02-20,5072.715
6211,Paid,2023-05-22,5958.27
6212,Refunded,2024-10-07,5347.52
6213,Paid,2024-10-17,5276.29
6214,Failed,2023-12-07,5341.68
6215,Failed,2023-09-02,4406.38
6216,Paid,2023-01-05,3654.43
6217,Failed,2024-03-24,1819.67
6218,Refunded,2023-09-23,4295.73
6219,Paid,2024-05-05,1066.01
6220,Refunded,2023-08-27,3310.09
6221,Paid,2023-09-07,4670.0
6222,Failed,2023-10-18,5780.13
6223,Failed,2024-06-26,5727.95
6224,Paid,2024-09-23,6483.26
6225,Refunded,2023-03-20,6226.81
6226,Refunded,2024-06-04,10380.51
6227,Paid,2024-03-25,5072.715
6228,Failed,2024-07-09,3846.49
6229,Paid,2023-05-24,7756.98
6230,Paid,2023-04-30,4473.55
6231,Paid,2024-07-18,14.56
6232,Paid,2024-07-30,6994.97
6233,Paid,2023-06-25,3416.91
6234,Refunded,2023-03-11,2962.66
6235,Failed,2024-09-24,3250.17
6236,Failed,2023-07-22,2736.29
6237,Paid,2023-06-29,10497.39
6238,Paid,2024-08-15,1384.37
6239,Refunded,2024-07-20,4538.84
6240,Paid,2024-11-21,65.31
6241,Refunded,2024-09-01,2805.1
6242,Paid,2023-04-20,1059.12
6243,Refunded,2024-02-28,6549.68
6244,Paid,2024-10-26,428.81
6245,Paid,2024-05-17,9292.88
6246,Paid,2024-02-10,1056.94
6247,Paid,2024-09-28,1883.05
6248,Failed,2023-04-01,7023.48
6249,Failed,2023-10-21,5072.715
6250,Refunded,2024-01-28,3690.1
6251,Paid,2023-02-06,6783.04
6252,Failed,2024-05-31,1866.25
6253,Paid,2024-10-23,3467.64
6254,Refunded,2023-11-12,4674.12
6255,Paid,2023-06-21,2517.0
6256,Paid,2024-02-10,8421.14
6257,Paid,2023-09-19,7406.14
6258,Failed,2024-04-28,3405.2
6259,Refunded,2023-01-27,2356.25
6260,Failed,2024-05-09,2822.34
6261,Failed,2023-02-24,8777.04
6262,Failed,2023-09-06,4625.51
6263,Refunded,2023-09-30,8070.54
6264,Paid,2023-09-16,9954.93
6265,Paid,2023-07-10,6820.52
6266,Failed,2024-07-28,8390.68
6267,Paid,2024-03-21,3292.42
6268,Paid,2024-05-16,8489.7
6269,Paid,2024-09-07,4365.3
6270,Refunded,2024-01-28,2699.83
6271,Paid,2024-02-12,11343.79
6272,Paid,2024-11-03,4939.84
6273,Failed,2024-11-13,2862.32
6274,Failed,2023-04-19,6275.18
6275,Refunded,2024-10-13,1742.68
6276,Refunded,2024-08-27,1233.1
6277,Paid,2023-04-13,4370.56
6278,Paid,2023-08-14,679.71
6279,Failed,2023-12-19,3576.65
6280,Failed,2023-06-09,1064.74
6281,Paid,2024-02-08,7940.96
6282,Refunded,2024-12-07,10053.68
6283,Failed,2023-11-20,831.12
6284,Refunded,2023-05-25,5072.715
6285,Failed,2024-04-09,7281.5
6286,Failed,2023-05-12,5729.03
6287,Paid,2023-04-03,431.66
6288,Failed,2023-09-30,75.73
6289,Paid,2024-12-04,4891.84
6290,Paid,2024-06-17,4482.03
6291,Paid,2023-07-13,4115.7
6292,Refunded,2023-06-19,5146.1
6293,Failed,2024-04-04,5072.715
6294,Refunded,2023-01-11,4328.29
6295,Paid,2023-06-30,4986.73
6296,Failed,2023-08-20,12713.32
6297,Paid,2023-01-29,1809.17
6298,Paid,2024-06-15,6126.04
6299,Paid,2023-01-05,5253.19
6300,Failed,2024-06-29,5072.715
6301,Paid,2023-05-20,6099.33
6302,Refunded,2023-01-28,10948.87
6303,Failed,2023-04-08,6035.97
6304,Paid,2023-09-19,516.02
6305,Paid,2023-01-19,5072.715
6306,Failed,2023-01-12,5072.715
6307,Paid,2024-06-20,3150.52
6308,Paid,2024-06-08,5561.07
6309,Refunded,2024-04-09,4646.18
6310,Refunded,2024-08-10,4318.66
6311,Paid,2023-09-16,4693.79
6312,Paid,2023-01-24,1475.11
6313,Paid,2023-01-08,7150.58
6314,Failed,2023-08-16,4586.8
6315,Paid,2024-01-11,5793.63
6316,Paid,2023-05-03,2403.47
6317,Paid,2023-03-31,1641.8
6318,Paid,2024-03-31,3884.99
6319,Refunded,2023-08-12,4913.13
6320,Paid,2023-09-14,3767.07
6321,Paid,2024-05-29,5257.56
6322,Refunded,2023-05-28,1457.83
6323,Paid,2024-01-22,11011.22
6324,Refunded,2024-12-01,2701.48
6325,Refunded,2024-11-29,5072.715
6326,Failed,2024-03-13,8430.46
6327,Refunded,2024-11-30,1511.4
6328,Refunded,2024-09-27,5605.89
6329,Paid,2023-02-06,1511.01
6330,Paid,2024-10-22,4088.33
6331,Paid,2023-04-16,4125.76
6332,Failed,2024-09-06,2748.94
6333,Refunded,2023-08-20,7625.21
6334,Failed,2023-05-26,5072.715
6335,Paid,2023-01-17,2703.94
6336,Failed,2023-06-08,5392.17
6337,Refunded,2023-10-09,1039.84
6338,Paid,2023-10-05,5317.32
6339,Failed,2023-05-05,7463.15
6340,Refunded,2024-11-15,5337.92
6341,Paid,2024-02-24,5072.715
6342,Refunded,2023-11-16,4231.89
6343,Failed,2024-11-05,3555.11
6344,Refunded,2024-12-15,4367.42
6345,Refunded,2024-04-26,3041.71
6346,Failed,2024-10-28,5519.06
6347,Failed,2023-11-20,1400.48
6348,Paid,2024-01-30,5072.715
6349,Refunded,2023-07-05,8196.48
6350,Paid,2024-04-10,4825.22
6351,Failed,2023-02-26,5355.09
6352,Refunded,2024-12-29,2752.61
6353,Paid,2024-04-02,5072.715
6354,Paid,2023-07-27,1802.11
6355,Refunded,2024-12-14,8531.9
6356,Refunded,2023-03-15,3494.38
6357,Refunded,2024-04-28,365.77
6358,Paid,2023-03-26,7027.06
6359,Refunded,2024-09-23,5072.715
6360,Failed,2023-01-14,5072.715
6361,Paid,2024-10-02,9529.21
6362,Failed,2023-02-18,5883.17
6363,Failed,2024-03-01,5072.715
6364,Refunded,2023-12-25,4724.11
6365,Failed,2023-08-30,6497.44
6366,Refunded,2023-02-22,8233.04
6367,Paid,2023-03-10,6560.81
6368,Failed,2024-07-05,5782.25
6369,Refunded,2024-11-26,5213.05
6370,Paid,2024-10-06,7103.97
6371,Refunded,2023-02-25,3087.89
6372,Paid,2024-03-31,474.16
6373,Refunded,2023-09-12,5556.49
6374,Paid,2023-01-05,1964.04
6375,Failed,2024-08-03,521.49
6376,Paid,2023-02-21,9856.44
6377,Failed,2023-11-25,5072.715
6378,Failed,2023-04-08,6872.96
6379,Refunded,2023-06-10,1775.11
6380,Failed,2024-02-10,5072.715
6381,Paid,2024-07-30,6296.04
6382,Paid,2023-11-23,11983.16
6383,Refunded,2023-08-31,7103.37
6384,Failed,2024-05-18,1941.02
6385,Paid,2024-01-02,4863.53
6386,Paid,2024-12-24,5072.715
6387,Paid,2024-03-17,5072.715
6388,Paid,2023-06-03,5173.2
6389,Refunded,2023-08-22,2981.25
6390,Refunded,2024-10-13,7217.8
6391,Failed,2023-11-29,4075.25
6392,Failed,2024-05-09,9639.61
6393,Refunded,2023-04-25,5072.715
6394,Paid,2024-01-04,5640.21
6395,Paid,2023-11-29,5072.715
6396,Paid,2023-05-10,5072.715
6397,Failed,2023-06-27,9931.45
6398,Paid,2023-04-05,1608.07
6399,Paid,2023-11-13,1052.24
6400,Failed,2023-04-11,5673.22
6401,Refunded,2023-07-15,8601.59
6402,Paid,2023-07-27,1559.85
6403,Paid,2024-08-29,3681.93
6404,Paid,2024-04-17,28.51
6405,Paid,2024-09-06,4905.72
6406,Paid,2023-01-08,4963.82
6407,Refunded,2023-05-16,6827.83
6408,Paid,2024-09-01,3495.65
6409,Paid,2023-09-18,4204.46
6410,Failed,2023-05-27,6884.61
6411,Paid,2024-04-02,5647.33
6412,Refunded,2024-11-27,6214.86
6413,Paid,2024-03-13,7557.54
6414,Refunded,2024-02-17,7199.07
6415,Paid,2024-05-14,11330.32
6416,Failed,2023-08-20,6334.71
6417,Paid,2023-04-11,6344.02
6418,Paid,2023-05-27,4087.47
6419,Failed,2024-12-17,5188.39
6420,Failed,2024-05-21,1149.67
6421,Paid,2024-07-11,3144.71
6422,Refunded,2023-04-14,8384.84
6423,Failed,2023-12-02,347.73
6424,Refunded,2024-03-21,5072.715
6425,Refunded,2024-03-19,4099.33
6426,Refunded,2023-04-28,2273.73
6427,Failed,2024-05-31,4170.76
6428,Paid,2024-12-23,6771.55
6429,Failed,2024-07-20,5264.34
6430,Paid,2024-06-14,10732.43
6431,Failed,2023-03-29,6305.77
6432,Paid,2024-09-20,6531.41
6433,Paid,2024-04-20,6618.8
6434,Failed,2024-11-12,5414.78
6435,Refunded,2024-04-29,4265.3
6436,Refunded,2024-10-23,5306.59
6437,Paid,2023-10-22,5686.75
6438,Paid,2024-12-20,4838.13
6439,Paid,2024-01-16,8768.7
6440,Failed,2023-10-10,8459.63
6441,Failed,2024-11-16,1448.27
6442,Failed,2024-09-30,7906.78
6443,Paid,2023-06-05,4942.64
6444,Refunded,2023-06-29,4085.34
6445,Failed,2023-03-28,7128.46
6446,Failed,2024-02-10,5854.57
6447,Refunded,2024-05-10,5072.715
6448,Paid,2023-09-24,5072.715
6449,Failed,2024-08-16,4741.6
6450,Paid,2023-03-05,7370.76
6451,Paid,2023-04-29,4956.72
6452,Failed,2023-12-07,7412.43
6453,Paid,2023-11-09,7841.62
6454,Refunded,2023-06-12,8587.48
6455,Paid,2024-05-19,3168.53
6456,Paid,2023-10-20,10482.67
6457,Failed,2024-11-20,4574.45
6458,Failed,2024-01-12,1408.3
6459,Paid,2024-06-25,5547.59
6460,Paid,2024-02-05,4462.14
6461,Failed,2024-11-03,3249.77
6462,Paid,2024-02-04,5154.98
6463,Failed,2024-02-03,7255.68
6464,Refunded,2024-05-01,6005.78
6465,Failed,2024-05-29,9001.68
6466,Failed,2023-01-24,4636.33
6467,Failed,2023-02-28,6275.63
6468,Failed,2023-08-28,5747.82
6469,Failed,2023-11-07,5072.715
6470,Failed,2023-11-17,1955.24
6471,Paid,2024-11-02,3304.34
6472,Failed,2024-04-25,11245.28
6473,Paid,2024-07-25,4333.99
6474,Failed,2024-02-18,282.17
6475,Paid,2023-11-18,10953.86
6476,Refunded,2024-02-06,2086.97
6477,Paid,2023-02-28,5294.94
6478,Failed,2023-02-22,5072.715
6479,Failed,2023-03-05,7702.64
6480,Paid,2024-09-24,2372.52
6481,Failed,2023-04-29,12158.29
6482,Paid,2023-10-13,6581.3
6483,Failed,2023-01-18,4874.12
6484,Refunded,2023-01-05,2006.61
6485,Paid,2024-01-27,6444.17
6486,Failed,2023-06-09,9502.29
6487,Refunded,2023-05-22,4148.77
6488,Paid,2024-02-01,251.36
6489,Paid,2023-01-18,2886.68
6490,Failed,2024-08-02,4002.79
6491,Failed,2023-04-24,425.68
6492,Paid,2024-06-17,6571.58
6493,Paid,2024-06-15,7204.0
6494,Paid,2024-04-05,2852.86
6495,Paid,2024-09-01,7530.52
6496,Paid,2024-09-08,5072.715
6497,Failed,2023-10-13,5072.715
6498,Failed,2023-01-05,1835.36
6499,Paid,2023-05-09,5072.715
6500,Failed,2024-11-01,7366.44
6501,Paid,2024-05-13,6670.4
6502,Refunded,2023-10-03,2254.23
6503,Failed,2023-03-24,2980.52
6504,Paid,2023-04-28,10309.0
6505,Failed,2023-01-29,7455.03
6506,Paid,2023-12-24,767.92
6507,Paid,2024-10-11,8979.59
6508,Refunded,2023-06-06,11769.1
6509,Paid,2023-01-31,4922.53
6510,Paid,2023-10-13,4090.38
6511,Paid,2024-10-26,5072.715
6512,Failed,2023-12-02,4069.22
6513,Refunded,2024-07-23,7305.18
6514,Paid,2023-11-09,5072.715
6515,Failed,2024-08-21,7295.73
6516,Refunded,2023-05-03,5001.55
6517,Refunded,2024-12-03,5072.715
6518,Failed,2024-01-06,6074.02
6519,Paid,2023-11-10,5072.715
6520,Refunded,2023-01-28,3084.49
6521,Paid,2023-06-04,4913.85
6522,Failed,2023-08-18,5072.715
6523,Refunded,2024-07-02,3568.58
6524,Paid,2023-01-06,2554.8
6525,Paid,2024-04-17,5269.63
6526,Paid,2023-11-14,5620.09
6527,Paid,2023-08-13,6199.86
6528,Failed,2023-02-02,6103.95
6529,Paid,2023-03-30,8958.44
6530,Failed,2023-11-30,1736.93
6531,Paid,2023-02-09,9758.84
6532,Paid,2024-11-11,986.54
6533,Failed,2024-01-10,5072.715
6534,Paid,2023-10-25,6504.62
6535,Refunded,2024-01-28,3452.14
6536,Refunded,2023-01-18,2261.28
6537,Failed,2024-06-10,5072.715
6538,Paid,2023-05-12,3098.34
6539,Failed,2023-10-17,6337.46
6540,Paid,2023-07-28,3397.21
6541,Failed,2023-11-23,4883.62
6542,Refunded,2024-05-17,3690.17
6543,Failed,2023-10-06,5505.42
6544,Refunded,2024-01-17,848.34
6545,Refunded,2023-11-05,4207.99
6546,Refunded,2023-10-04,6578.75
6547,Failed,2023-03-17,12580.02
6548,Paid,2023-10-25,7528.11
6549,Failed,2024-01-13,4444.44
6550,Failed,2024-03-08,3083.66
6551,Paid,2023-04-22,6372.09
6552,Paid,2023-03-13,2485.73
6553,Refunded,2023-11-13,5432.69
6554,Paid,2023-01-21,5950.14
6555,Paid,2023-07-07,4408.06
6556,Refunded,2023-05-01,7916.1
6557,Failed,2023-12-08,4717.99
6558,Paid,2024-10-14,3650.2
6559,Failed,2023-10-31,3469.97
6560,Paid,2024-03-22,5072.715
6561,Paid,2024-12-16,734.79
6562,Refunded,2024-12-21,6797.58
6563,Failed,2024-05-10,9435.19
6564,Refunded,2024-06-04,11445.53
6565,Paid,2023-07-04,8352.57
6566,Paid,2023-11-28,6561.87
6567,Paid,2024-12-13,5923.21
6568,Failed,2024-07-29,8929.96
6569,Refunded,2023-12-16,3893.89
6570,Refunded,2023-11-16,10403.13
6571,Paid,2024-06-20,4880.71
6572,Refunded,2024-02-16,5777.6
6573,Paid,2023-06-05,5074.09
6574,Paid,2024-10-12,8375.67
6575,Paid,2024-06-16,4965.02
6576,Paid,2024-05-16,6214.44
6577,Refunded,2024-04-30,1342.26
6578,Paid,2023-06-03,4419.2
6579,Paid,2023-03-09,8141.28
6580,Paid,2024-05-06,2465.15
6581,Paid,2023-02-10,4919.48
6582,Paid,2024-06-10,5072.715
6583,Failed,2023-06-18,3246.75
6584,Failed,2024-10-07,8054.71
6585,Paid,2024-12-11,6484.81
6586,Paid,2023-04-22,7706.26
6587,Refunded,2024-04-07,8154.45
6588,Paid,2023-02-21,5093.07
6589,Paid,2024-10-10,9721.88
6590,Failed,2023-09-12,1350.56
6591,Paid,2024-09-18,4549.66
6592,Failed,2023-06-07,5446.86
6593,Paid,2023-10-27,217.85
6594,Paid,2024-03-02,9244.49
6595,Paid,2023-11-03,2394.59
6596,Failed,2023-04-09,5204.12
6597,Failed,2023-05-01,7264.47
6598,Failed,2024-08-24,11954.52
6599,Refunded,2023-01-30,5.26
6600,Failed,2023-08-18,5072.715
6601,Paid,2024-10-12,4172.22
6602,Paid,2023-09-11,6943.89
6603,Paid,2024-02-08,5072.715
6604,Paid,2024-05-08,6254.69
6605,Refunded,2023-01-31,5238.1
6606,Paid,2023-06-11,1829.08
6607,Failed,2024-03-07,2042.12
6608,Refunded,2023-06-05,7416.72
6609,Paid,2023-11-19,2422.49
6610,Refunded,2024-09-20,6276.23
6611,Paid,2023-07-10,8906.8
6612,Paid,2023-06-25,1106.73
6613,Paid,2024-05-31,8917.62
6614,Paid,2024-06-07,8814.84
6615,Refunded,2024-07-24,6027.71
6616,Paid,2023-12-05,3154.0
6617,Refunded,2024-08-27,6596.51
6618,Paid,2023-11-15,4466.0
6619,Refunded,2023-04-21,2875.73
6620,Refunded,2024-04-17,5072.715
6621,Failed,2023-01-17,2372.78
6622,Failed,2023-08-08,1452.08
6623,Failed,2024-05-01,3370.21
6624,Paid,2023-11-01,5072.715
6625,Paid,2024-05-31,8596.56
6626,Failed,2023-05-09,6550.18
6627,Paid,2024-09-15,2418.43
6628,Paid,2023-01-24,3470.89
6629,Paid,2024-06-24,5072.715
6630,Paid,2023-05-12,8819.29
6631,Refunded,2024-07-09,5321.67
6632,Paid,2023-11-17,4225.82
6633,Failed,2024-05-11,5072.715
6634,Refunded,2024-12-19,4035.69
6635,Paid,2024-01-17,1585.66
6636,Paid,2023-08-04,1497.48
6637,Paid,2024-06-26,8699.15
6638,Failed,2023-01-11,4648.8
6639,Paid,2023-03-23,5422.23
6640,Paid,2023-06-05,6219.69
6641,Paid,2023-06-15,4465.7
6642,Refunded,2023-07-27,5072.715
6643,Paid,2023-01-24,5058.33
6644,Refunded,2024-11-21,3720.77
6645,Paid,2023-11-28,5821.75
6646,Paid,2024-07-15,4734.88
6647,Failed,2024-06-02,5265.2
6648,Paid,2024-05-25,5012.44
6649,Failed,2024-09-03,10866.75
6650,Paid,2024-08-15,7969.3
6651,Paid,2023-08-29,7327.63
6652,Refunded,2023-06-30,6410.17
6653,Failed,2023-10-20,6278.34
6654,Failed,2023-03-24,4153.47
6655,Paid,2024-07-19,8362.13
6656,Failed,2023-03-31,5987.88
6657,Failed,2024-03-14,6751.12
6658,Failed,2024-12-15,4118.61
6659,Paid,2024-06-26,2387.68
6660,Paid,2023-07-12,8406.6
6661,Paid,2024-05-02,5387.63
6662,Refunded,2024-09-03,3562.78
6663,Failed,2023-12-15,6028.47
6664,Failed,2023-03-30,4685.11
6665,Paid,2023-05-03,9649.87
6666,Failed,2024-01-09,3931.74
6667,Paid,2023-02-16,6339.16
6668,Failed,2024-03-08,5072.715
6669,Failed,2023-05-26,6967.78
6670,Paid,2023-01-03,6626.55
6671,Paid,2024-06-13,3479.64
6672,Refunded,2023-11-10,5350.83
6673,Paid,2023-11-23,6384.19
6674,Refunded,2023-03-22,5508.52
6675,Paid,2023-06-02,9445.51
6676,Paid,2024-02-06,4502.64
6677,Paid,2024-05-02,5100.26
6678,Paid,2023-03-08,12749.4
6679,Failed,2023-03-30,7490.77
6680,Refunded,2023-05-15,2095.59
6681,Refunded,2023-07-21,5072.715
6682,Paid,2024-03-03,7379.22
6683,Refunded,2023-06-28,2596.42
6684,Paid,2023-12-05,4097.03
6685,Refunded,2023-03-20,1426.11
6686,Paid,2024-08-19,5880.99
6687,Refunded,2024-06-16,135.13
6688,Refunded,2024-01-13,2635.1
6689,Paid,2023-06-14,850.69
6690,Failed,2024-06-23,5985.6
6691,Paid,2024-11-27,5072.715
6692,Refunded,2023-06-04,6191.62
6693,Refunded,2023-05-03,5072.715
6694,Failed,2024-08-21,2656.15
6695,Failed,2023-07-21,7369.53
6696,Paid,2023-02-09,1549.95
6697,Failed,2023-06-18,8067.85
6698,Paid,2023-03-11,4543.3
6699,Paid,2023-11-26,2489.66
6700,Refunded,2024-03-15,2680.8
6701,Failed,2024-02-03,5642.91
6702,Paid,2024-05-07,11584.36
6703,Paid,2023-12-20,13153.38
6704,Paid,2023-11-24,994.2
6705,Paid,2024-05-12,5072.715
6706,Failed,2024-02-23,9999.95
6707,Paid,2024-05-17,1264.29
6708,Paid,2024-06-22,3126.01
6709,Paid,2023-12-11,5871.99
6710,Refunded,2024-10-04,5122.63
6711,Paid,2024-01-12,846.59
6712,Failed,2023-10-22,7243.34
6713,Refunded,2023-10-15,6303.69
6714,Paid,2023-09-11,7824.12
6715,Refunded,2024-03-09,6599.97
6716,Paid,2024-05-15,6582.61
6717,Failed,2023-03-26,5086.79
6718,Paid,2024-06-04,8626.15
6719,Paid,2024-07-15,1018.81
6720,Paid,2024-05-27,1705.48
6721,Failed,2024-05-30,8289.94
6722,Paid,2024-05-30,4151.28
6723,Paid,2024-05-11,2277.41
6724,Failed,2024-08-24,7533.41
6725,Paid,2023-06-11,7026.28
6726,Failed,2024-10-28,967.58
6727,Failed,2024-06-10,5072.715
6728,Paid,2023-12-31,3107.11
6729,Paid,2024-06-27,6471.81
6730,Refunded,2024-02-29,4764.77
6731,Paid,2024-07-28,6841.95
6732,Paid,2023-12-30,4967.1
6733,Failed,2023-04-18,1258.13
6734,Refunded,2023-01-14,5072.715
6735,Failed,2023-01-23,960.37
6736,Refunded,2024-09-14,1660.15
6737,Failed,2023-11-17,6315.15
6738,Paid,2024-05-24,7880.61
6739,Refunded,2024-11-02,4066.16
6740,Paid,2023-02-10,2311.33
6741,Paid,2023-10-31,5091.47
6742,Paid,2024-10-17,920.79
6743,Refunded,2024-02-19,6857.83
6744,Paid,2024-03-25,4785.47
6745,Paid,2024-01-29,5221.16
6746,Paid,2024-10-26,3390.11
6747,Paid,2024-08-16,3128.41
6748,Failed,2023-12-31,51.85
6749,Paid,2024-03-04,5072.715
6750,Paid,2023-06-01,1219.05
6751,Failed,2023-09-16,2837.51
6752,Paid,2024-08-13,2156.49
6753,Refunded,2024-12-07,5072.715
6754,Paid,2023-08-11,3247.05
6755,Failed,2023-09-23,7890.22
6756,Paid,2023-08-18,6748.79
6757,Paid,2024-03-14,2167.04
6758,Refunded,2023-05-30,4696.55
6759,Paid,2024-04-01,89.72
6760,Paid,2023-05-16,6198.5
6761,Failed,2024-09-26,5072.715
6762,Failed,2024-02-03,1831.53
6763,Refunded,2024-09-13,4178.72
6764,Refunded,2023-05-23,3607.84
6765,Paid,2023-03-11,5847.97
6766,Paid,2023-02-23,5072.715
6767,Refunded,2024-02-07,8967.6
6768,Paid,2024-07-05,1418.88
6769,Paid,2024-12-09,5072.715
6770,Paid,2023-01-27,5140.39
6771,Paid,2023-10-26,2629.44
6772,Refunded,2024-11-22,4318.46
6773,Failed,2024-07-11,5072.715
6774,Paid,2024-10-15,5072.715
6775,Refunded,2023-11-16,10725.75
6776,Paid,2024-03-20,1068.59
6777,Paid,2023-04-08,980.34
6778,Paid,2023-05-06,4704.76
6779,Refunded,2023-02-27,2547.03
6780,Paid,2023-06-26,4233.25
6781,Paid,2024-12-19,5326.1
6782,Paid,2023-10-12,558.05
6783,Paid,2024-10-27,5072.715
6784,Paid,2023-01-27,2716.52
6785,Failed,2024-03-26,8216.5
6786,Refunded,2023-11-19,2379.34
6787,Refunded,2024-11-05,2866.25
6788,Refunded,2023-09-07,2206.36
6789,Refunded,2024-11-30,3757.1
6790,Refunded,2024-01-05,676.32
6791,Paid,2023-03-31,6566.38
6792,Refunded,2023-05-11,3418.26
6793,Failed,2024-06-08,7435.65
6794,Failed,2023-01-29,5175.74
6795,Paid,2024-06-27,10136.63
6796,Paid,2024-10-23,5072.715
6797,Paid,2023-03-27,3926.71
6798,Paid,2023-02-27,6765.68
6799,Paid,2023-02-26,1229.21
6800,Failed,2024-01-29,3560.86
6801,Paid,2023-01-25,4739.3
6802,Failed,2023-07-09,7173.27
6803,Paid,2023-03-17,7791.14
6804,Failed,2024-01-06,8357.32
6805,Paid,2024-05-20,4114.82
6806,Failed,2023-07-02,2789.8
6807,Paid,2023-06-03,5176.59
6808,Failed,2023-09-26,4201.64
6809,Paid,2023-10-05,24.72
6810,Refunded,2023-12-06,5491.99
6811,Failed,2023-01-23,2255.25
6812,Paid,2024-03-07,4316.68
6813,Refunded,2024-06-09,4134.29
6814,Paid,2024-08-28,11424.64
6815,Refunded,2023-12-09,5072.715
6816,Paid,2023-02-21,6922.88
6817,Failed,2023-12-05,7915.91
6818,Paid,2023-02-10,3961.94
6819,Failed,2024-11-06,1268.27
6820,Paid,2024-06-01,5072.715
6821,Paid,2024-02-11,6622.74
6822,Failed,2023-05-18,6661.93
6823,Paid,2023-04-09,2720.21
6824,Paid,2023-12-07,5072.715
6825,Paid,2023-11-12,2596.72
6826,Failed,2024-06-25,2602.67
6827,Paid,2023-08-13,3486.84
6828,Paid,2023-09-18,6008.28
6829,Refunded,2023-09-04,8186.21
6830,Paid,2023-03-20,4928.83
6831,Paid,2024-11-27,8799.06
6832,Paid,2024-11-22,12114.23
6833,Failed,2024-04-17,6198.3
6834,Failed,2023-03-18,4815.32
6835,Paid,2023-09-19,5072.715
6836,Failed,2023-01-02,5072.715
6837,Failed,2023-01-17,5187.45
6838,Paid,2023-12-10,5262.68
6839,Refunded,2023-01-12,5072.715
6840,Refunded,2024-11-24,3695.64
6841,Refunded,2023-01-07,2002.94
6842,Refunded,2023-09-03,7422.63
6843,Paid,2023-06-06,5072.715
6844,Paid,2023-06-23,6330.2
6845,Failed,2024-05-01,452.78
6846,Failed,2024-11-23,8837.21
6847,Paid,2023-10-08,4001.92
6848,Failed,2023-11-05,6678.38
6849,Paid,2023-08-25,5574.11
6850,Refunded,2023-06-06,8584.05
6851,Paid,2023-09-08,5072.715
6852,Failed,2023-08-09,8478.18
6853,Paid,2023-12-04,6855.89
6854,Failed,2023-08-11,4148.67
6855,Paid,2023-07-30,6456.12
6856,Failed,2023-12-03,8085.76
6857,Refunded,2023-05-14,3841.94
6858,Paid,2024-05-09,5204.84
6859,Refunded,2024-06-30,2712.65
6860,Refunded,2023-07-02,7600.82
6861,Failed,2023-06-10,6503.95
6862,Refunded,2024-08-27,1188.64
6863,Paid,2024-01-22,6013.72
6864,Paid,2023-07-16,4413.61
6865,Paid,2024-12-18,5381.53
6866,Failed,2024-04-28,2899.44
6867,Paid,2024-05-16,8952.65
6868,Paid,2024-05-03,5072.715
6869,Paid,2023-12-18,11376.61
6870,Paid,2024-06-13,5449.26
6871,Refunded,2023-08-22,4119.34
6872,Failed,2024-07-31,6346.84
6873,Paid,2024-02-13,5927.35
6874,Paid,2023-10-03,10938.89
6875,Paid,2024-12-11,6393.92
6876,Paid,2024-04-03,563.11
6877,Paid,2024-03-28,3096.91
6878,Paid,2024-02-17,7430.97
6879,Failed,2023-01-18,4478.68
6880,Refunded,2023-03-13,3493.74
6881,Failed,2024-10-28,5072.715
6882,Paid,2024-01-13,2240.03
6883,Refunded,2024-11-12,5763.8
6884,Failed,2023-12-21,3004.68
6885,Paid,2023-05-31,9034.39
6886,Failed,2023-09-18,5072.715
6887,Paid,2023-03-21,1092.87
6888,Paid,2023-04-16,4942.93
6889,Failed,2024-06-06,1106.88
6890,Paid,2024-02-07,2218.33
6891,Paid,2024-12-20,6873.9
6892,Refunded,2023-05-10,5164.05
6893,Refunded,2023-06-20,1258.97
6894,Failed,2024-02-10,5272.48
6895,Paid,2023-02-02,4124.79
6896,Refunded,2024-06-19,5072.715
6897,Refunded,2023-07-16,7193.67
6898,Paid,2023-02-15,9555.5
6899,Paid,2023-10-01,10774.93
6900,Paid,2023-05-13,5980.62
6901,Refunded,2023-09-21,5067.28
6902,Refunded,2024-08-19,10322.59
6903,Paid,2024-01-02,5757.0
6904,Refunded,2023-01-05,5072.715
6905,Failed,2023-09-26,3032.2
6906,Failed,2024-12-06,6661.22
6907,Paid,2024-02-25,90.09
6908,Paid,2023-12-12,8478.77
6909,Paid,2023-03-10,827.77
6910,Failed,2023-12-24,2456.67
6911,Refunded,2024-11-18,5072.715
6912,Refunded,2024-01-21,5072.715
6913,Paid,2023-11-21,5072.715
6914,Paid,2024-04-25,5072.715
6915,Failed,2023-06-28,8202.35
6916,Paid,2023-09-13,3677.2
6917,Paid,2024-02-23,37.58
6918,Failed,2023-07-30,5072.715
6919,Refunded,2024-08-06,4333.33
6920,Refunded,2024-01-02,4268.02
6921,Refunded,2024-07-30,7211.18
6922,Paid,2023-06-15,7483.04
6923,Failed,2023-08-02,2745.44
6924,Paid,2024-06-12,5367.02
6925,Paid,2023-06-22,325.12
6926,Failed,2023-05-09,4228.64
6927,Paid,2023-01-03,5072.715
6928,Refunded,2023-03-11,4369.1
6929,Refunded,2023-02-21,3771.05
6930,Paid,2024-03-12,4454.41
6931,Paid,2024-01-13,14.26
6932,Paid,2023-04-04,1046.12
6933,Refunded,2024-07-12,4349.62
6934,Paid,2024-08-09,9483.26
6935,Refunded,2024-08-25,5072.715
6936,Refunded,2023-03-27,6301.98
6937,Refunded,2024-06-01,3213.65
6938,Paid,2024-03-05,2166.36
6939,Refunded,2023-02-12,6874.02
6940,Paid,2024-12-10,1505.07
6941,Paid,2024-01-05,9895.79
6942,Paid,2024-02-08,5072.715
6943,Paid,2023-10-30,5072.715
6944,Refunded,2023-07-01,10110.08
6945,Refunded,2023-06-18,6263.91
6946,Refunded,2023-07-22,6145.05
6947,Paid,2024-12-06,5072.715
6948,Paid,2024-06-26,8966.08
6949,Failed,2023-04-12,3855.85
6950,Failed,2024-07-29,65.2
6951,Failed,2023-12-12,8461.77
6952,Paid,2024-08-25,6637.27
6953,Refunded,2024-03-17,3455.19
6954,Failed,2023-09-07,5794.85
6955,Failed,2023-07-02,5098.15
6956,Refunded,2023-10-29,9434.66
6957,Failed,2023-10-07,1979.12
6958,Refunded,2024-12-17,9470.01
6959,Failed,2023-03-30,8990.43
6960,Refunded,2024-02-29,3078.54
6961,Paid,2023-10-12,6261.73
6962,Paid,2024-11-01,6643.34
6963,Failed,2023-05-10,5072.715
6964,Refunded,2023-09-05,2657.8
6965,Paid,2024-10-13,776.48
6966,Refunded,2023-07-08,5072.715
6967,Failed,2023-04-01,5633.49
6968,Failed,2024-07-21,8074.26
6969,Failed,2023-06-14,2331.28
6970,Failed,2024-07-01,4426.25
6971,Failed,2023-11-26,3671.48
6972,Paid,2024-06-24,5072.715
6973,Refunded,2023-03-21,6809.91
6974,Refunded,2023-06-18,240.11
6975,Failed,2024-06-28,6914.3
6976,Refunded,2023-04-03,3709.31
6977,Paid,2024-09-15,7953.77
6978,Failed,2024-01-14,5072.715
6979,Paid,2023-07-28,349.32
6980,Paid,2023-07-13,5938.05
6981,Failed,2023-09-21,3851.13
6982,Refunded,2023-09-04,8279.1
6983,Paid,2024-09-21,7182.3
6984,Failed,2024-03-23,8431.38
6985,Refunded,2024-06-04,3964.23
6986,Refunded,2024-12-11,2251.78
6987,Failed,2024-04-23,4956.25
6988,Paid,2023-10-04,7199.23
6989,Failed,2023-05-09,5072.715
6990,Failed,2023-10-29,5926.26
6991,Failed,2024-07-27,6128.02
6992,Failed,2024-05-28,9126.08
6993,Failed,2023-12-26,1873.15
6994,Refunded,2023-12-23,6477.38
6995,Failed,2024-04-10,3524.24
6996,Paid,2023-06-21,2734.46
6997,Paid,2023-03-29,10827.26
6998,Failed,2024-05-14,6335.97
6999,Paid,2023-03-24,9610.8
7000,Paid,2024-05-31,2758.85
7001,Paid,2024-07-04,10029.77
7002,Refunded,2023-11-18,3777.17
7003,Refunded,2024-04-09,7385.06
7004,Paid,2024-08-09,2164.52
7005,Paid,2024-09-04,1781.28
7006,Paid,2023-05-21,4920.26
7007,Refunded,2024-08-27,9646.92
7008,Refunded,2024-09-22,8791.44
7009,Paid,2024-09-12,5423.95
7010,Refunded,2024-07-08,4030.66
7011,Paid,2023-05-16,5955.31
7012,Failed,2023-11-26,1843.73
7013,Failed,2024-12-29,5420.02
7014,Paid,2024-01-30,5141.97
7015,Refunded,2023-06-05,5072.715
7016,Paid,2023-02-08,6393.36
7017,Refunded,2023-10-09,7376.12
7018,Failed,2024-06-21,2170.33
7019,Paid,2024-06-27,2507.31
7020,Refunded,2023-02-15,3033.36
7021,Paid,2024-10-29,4524.98
7022,Failed,2023-09-01,4789.25
7023,Paid,2024-06-30,6902.5
7024,Paid,2024-03-25,5966.03
7025,Paid,2023-10-05,8594.74
7026,Paid,2024-02-10,4099.55
7027,Failed,2023-02-15,5072.715
7028,Refunded,2024-06-03,4580.28
7029,Paid,2023-09-28,5072.715
7030,Refunded,2024-07-09,5298.27
7031,Paid,2023-08-26,4232.14
7032,Failed,2023-06-16,8257.45
7033,Failed,2024-01-11,7955.93
7034,Refunded,2024-08-10,8262.71
7035,Failed,2024-10-30,2039.97
7036,Paid,2023-07-20,5072.715
7037,Refunded,2023-08-20,9817.32
7038,Failed,2024-03-21,8358.24
7039,Paid,2024-12-24,5072.715
7040,Paid,2024-02-22,4004.58
7041,Paid,2023-06-03,290.58
7042,Failed,2024-01-03,8857.69
7043,Refunded,2024-12-25,2069.99
7044,Paid,2023-03-28,3562.5
7045,Refunded,2024-06-13,5072.715
7046,Paid,2024-12-03,5433.55
7047,Paid,2023-02-23,6093.53
7048,Paid,2024-12-28,3271.1
7049,Paid,2023-02-11,1223.77
7050,Paid,2023-12-15,5648.43
7051,Failed,2023-08-18,2358.73
7052,Paid,2024-11-24,6561.34
7053,Paid,2024-03-11,2325.06
7054,Refunded,2023-05-21,4551.59
7055,Failed,2023-10-15,10147.93
7056,Paid,2023-11-18,5655.02
7057,Failed,2024-08-16,2600.35
7058,Refunded,2024-03-17,6497.29
7059,Refunded,2023-06-16,4574.45
7060,Refunded,2024-07-19,5072.715
7061,Failed,2024-04-07,5073.04
7062,Failed,2024-03-31,8720.54
7063,Refunded,2023-03-14,6811.95
7064,Refunded,2024-12-25,4454.04
7065,Paid,2024-11-13,1361.56
7066,Refunded,2023-09-27,7203.0
7067,Paid,2023-08-07,6433.93
7068,Failed,2024-10-09,120.7
7069,Paid,2024-06-30,555.54
7070,Failed,2024-10-19,9718.15
7071,Refunded,2023-07-02,5960.18
7072,Paid,2023-03-19,822.97
7073,Refunded,2023-11-04,8410.58
7074,Failed,2023-11-24,8649.6
7075,Paid,2024-02-25,5072.715
7076,Failed,2023-08-24,2232.08
7077,Paid,2024-08-11,5238.54
7078,Paid,2024-04-06,5480.31
7079,Refunded,2024-08-07,4525.41
7080,Refunded,2024-06-22,1782.35
7081,Paid,2023-02-07,3944.89
7082,Failed,2024-03-01,3727.03
7083,Paid,2024-08-20,536.29
7084,Refunded,2024-03-09,7974.67
7085,Paid,2023-12-25,1815.83
7086,Refunded,2023-01-31,8917.98
7087,Failed,2023-07-24,5072.715
7088,Paid,2024-12-05,3074.01
7089,Failed,2023-06-30,6162.77
7090,Refunded,2023-02-09,4601.1
7091,Refunded,2024-02-27,8972.61
7092,Paid,2023-06-06,11363.03
7093,Failed,2023-06-17,6177.51
7094,Paid,2024-10-31,4463.69
7095,Paid,2024-10-03,9808.5
7096,Failed,2023-03-23,4385.73
7097,Paid,2024-10-29,3419.6
7098,Paid,2024-11-17,8691.68
7099,Paid,2024-08-22,7518.72
7100,Refunded,2023-04-12,3457.72
7101,Failed,2024-12-18,5944.78
7102,Refunded,2023-03-30,5072.715
7103,Paid,2023-12-11,6812.69
7104,Paid,2023-11-06,6513.05
7105,Paid,2024-08-30,1165.23
7106,Refunded,2024-03-15,5124.17
7107,Paid,2023-06-08,549.04
7108,Paid,2023-04-24,731.94
7109,Refunded,2024-06-19,3519.2
7110,Paid,2023-06-12,3209.38
7111,Paid,2023-10-13,129.18
7112,Paid,2023-02-24,1440.22
7113,Failed,2024-07-29,375.64
7114,Failed,2023-02-02,2776.55
7115,Paid,2024-07-11,6578.55
7116,Failed,2023-07-15,9429.99
7117,Failed,2024-03-23,8173.31
7118,Refunded,2024-08-13,6301.85
7119,Paid,2023-04-02,6132.28
7120,Paid,2024-08-30,4682.33
7121,Refunded,2023-08-16,4700.25
7122,Paid,2023-10-13,5072.715
7123,Refunded,2023-08-23,6855.53
7124,Paid,2023-04-12,5597.86
7125,Paid,2023-05-20,266.22
7126,Paid,2024-10-16,5072.715
7127,Failed,2023-09-23,7224.01
7128,Failed,2023-12-08,3140.32
7129,Refunded,2024-07-26,5679.12
7130,Failed,2024-06-18,4599.14
7131,Paid,2024-06-06,3385.28
7132,Paid,2023-01-16,6230.7
7133,Paid,2024-07-14,1757.22
7134,Failed,2023-12-02,11116.63
7135,Paid,2024-01-25,6593.68
7136,Paid,2023-06-19,4670.68
7137,Failed,2023-04-29,7876.65
7138,Paid,2023-02-11,7351.21
7139,Paid,2023-01-10,2765.62
7140,Paid,2024-03-05,3484.66
7141,Failed,2024-04-12,1862.04
7142,Paid,2023-02-18,1783.7
7143,Paid,2023-07-26,7000.59
7144,Paid,2024-11-09,5549.8
7145,Failed,2024-05-28,3520.27
7146,Refunded,2024-08-02,6041.09
7147,Refunded,2023-07-29,3404.32
7148,Paid,2023-05-19,647.5
7149,Paid,2023-02-06,2159.76
7150,Failed,2023-08-06,11885.13
7151,Paid,2024-03-31,4544.15
7152,Failed,2024-05-26,4716.86
7153,Paid,2023-10-05,6569.84
7154,Refunded,2023-06-29,7936.48
7155,Refunded,2024-05-31,4322.26
7156,Refunded,2023-05-10,8328.3
7157,Paid,2024-10-06,5072.715
7158,Paid,2024-09-02,4968.27
7159,Paid,2024-11-02,3554.08
7160,Refunded,2024-10-20,7306.57
7161,Paid,2023-12-25,854.84
7162,Paid,2024-09-18,5686.84
7163,Failed,2023-01-04,6776.7
7164,Refunded,2024-08-21,5072.715
7165,Refunded,2024-07-11,6638.89
7166,Refunded,2023-03-24,2240.15
7167,Refunded,2023-06-03,6731.28
7168,Refunded,2024-05-20,7220.24
7169,Paid,2024-05-23,6947.18
7170,Refunded,2024-09-14,4281.77
7171,Refunded,2024-09-20,4542.41
7172,Paid,2023-04-07,5072.715
7173,Failed,2023-10-09,5072.715
7174,Refunded,2024-12-01,2137.93
7175,Paid,2024-08-22,3771.75
7176,Paid,2024-08-21,9474.47
7177,Paid,2024-06-21,969.02
7178,Refunded,2024-03-04,8900.84
7179,Paid,2024-06-26,5072.39
7180,Paid,2023-05-06,1023.22
7181,Paid,2024-12-10,7376.44
7182,Paid,2023-10-28,2865.19
7183,Paid,2024-06-26,5281.36
7184,Paid,2024-01-02,512.01
7185,Paid,2023-02-14,9036.02
7186,Refunded,2024-05-07,4117.7
7187,Failed,2023-11-12,3159.65
7188,Paid,2023-07-08,5574.04
7189,Paid,2023-02-21,7656.02
7190,Paid,2024-07-17,4433.5
7191,Failed,2023-11-28,7561.22
7192,Failed,2024-05-13,4922.71
7193,Paid,2023-11-14,5264.43
7194,Failed,2024-02-14,2597.89
7195,Failed,2023-11-19,8170.0
7196,Paid,2024-08-13,7011.13
7197,Paid,2024-07-14,6647.03
7198,Refunded,2023-08-18,8200.64
7199,Paid,2023-12-10,1852.11
7200,Failed,2024-01-06,5213.51
7201,Failed,2024-07-09,8326.18
7202,Paid,2023-10-19,4894.71
7203,Refunded,2024-03-12,5442.96
7204,Refunded,2023-09-04,5357.29
7205,Refunded,2023-08-07,5072.715
7206,Failed,2024-06-17,770.56
7207,Failed,2024-10-03,5357.17
7208,Paid,2024-06-02,6190.89
7209,Failed,2024-04-16,6178.15
7210,Refunded,2023-12-16,9800.64
7211,Refunded,2023-02-13,3245.48
7212,Refunded,2023-03-06,9943.44
7213,Paid,2023-09-03,3911.68
7214,Paid,2024-08-07,952.76
7215,Paid,2023-03-12,9516.6
7216,Failed,2024-12-09,8158.07
7217,Paid,2024-12-01,5408.29
7218,Paid,2023-06-07,3243.55
7219,Paid,2024-04-19,4373.91
7220,Paid,2023-01-25,5766.28
7221,Failed,2024-08-05,9163.0
7222,Paid,2023-08-11,1051.41
7223,Paid,2023-06-09,4369.07
7224,Failed,2023-03-16,4209.94
7225,Paid,2023-05-18,3546.21
7226,Paid,2024-04-23,3056.62
7227,Paid,2024-07-06,9821.7
7228,Refunded,2023-10-30,5072.715
7229,Failed,2024-01-22,5404.24
7230,Failed,2024-04-16,1460.26
7231,Refunded,2023-11-30,7604.09
7232,Paid,2023-11-05,3521.08
7233,Paid,2024-06-11,1610.83
7234,Paid,2024-12-01,7920.14
7235,Failed,2024-06-23,3336.29
7236,Paid,2023-06-12,8931.14
7237,Refunded,2023-02-24,8267.24
7238,Paid,2024-03-30,4666.22
7239,Paid,2023-11-01,6188.37
7240,Paid,2023-04-12,5283.87
7241,Refunded,2024-07-07,797.0
7242,Paid,2024-01-23,9270.14
7243,Refunded,2024-11-13,4232.36
7244,Failed,2023-07-27,5070.84
7245,Refunded,2023-11-11,5113.68
7246,Refunded,2023-02-18,4321.87
7247,Refunded,2024-07-25,5072.715
7248,Paid,2024-06-01,4708.15
7249,Failed,2023-05-28,3461.0
7250,Paid,2023-07-30,3756.61
7251,Failed,2024-01-07,9988.0
7252,Paid,2024-10-23,5177.77
7253,Failed,2024-08-19,9874.66
7254,Failed,2024-11-02,2131.24
7255,Refunded,2023-02-16,5072.715
7256,Refunded,2024-11-04,3550.35
7257,Paid,2024-05-13,4753.61
7258,Refunded,2023-06-04,2856.41
7259,Paid,2023-08-18,4615.11
7260,Paid,2023-10-27,5603.72
7261,Failed,2023-06-07,8015.41
7262,Paid,2024-11-03,971.13
7263,Paid,2023-09-04,7786.77
7264,Failed,2024-07-21,7216.18
7265,Refunded,2023-05-31,2077.37
7266,Paid,2023-10-26,2634.64
7267,Failed,2023-02-23,5072.715
7268,Paid,2023-08-11,3109.94
7269,Paid,2024-08-02,5072.715
7270,Failed,2024-07-18,4980.17
7271,Refunded,2024-04-11,1370.94
7272,Paid,2024-04-30,1648.85
7273,Failed,2024-07-05,529.96
7274,Paid,2024-03-19,4685.44
7275,Failed,2023-05-18,4828.01
7276,Failed,2024-10-11,6538.29
7277,Paid,2023-10-19,8788.58
7278,Paid,2023-07-29,5036.38
7279,Refunded,2024-11-14,8801.77
7280,Failed,2024-11-27,2812.87
7281,Failed,2023-07-30,583.73
7282,Failed,2024-10-24,7379.61
7283,Refunded,2024-01-23,7174.05
7284,Paid,2024-01-31,5759.57
7285,Failed,2023-05-04,7043.81
7286,Paid,2024-07-14,1925.73
7287,Refunded,2023-05-04,3591.68
7288,Paid,2023-03-09,8356.53
7289,Paid,2024-04-19,4225.81
7290,Refunded,2023-12-24,6951.3
7291,Paid,2024-03-31,12808.0
7292,Failed,2023-12-12,8066.82
7293,Failed,2024-06-04,3919.58
7294,Paid,2024-09-28,5072.715
7295,Paid,2024-09-15,7147.62
7296,Refunded,2024-05-12,1070.17
7297,Failed,2023-11-24,2630.54
7298,Failed,2023-11-26,2779.15
7299,Paid,2024-07-19,4637.84
7300,Refunded,2024-03-02,5824.98
7301,Failed,2024-03-18,5072.715
7302,Failed,2024-08-23,8157.99
7303,Paid,2023-04-05,9254.75
7304,Refunded,2024-03-26,4273.36
7305,Failed,2023-11-13,8215.57
7306,Paid,2024-05-01,2929.47
7307,Failed,2024-11-08,1891.62
7308,Refunded,2024-10-09,8241.82
7309,Paid,2024-07-30,5798.53
7310,Failed,2023-01-05,6177.41
7311,Paid,2024-09-23,10521.85
7312,Failed,2024-01-06,6999.19
7313,Paid,2024-07-08,5072.715
7314,Refunded,2023-07-07,5279.37
7315,Paid,2023-01-26,9534.69
7316,Refunded,2023-06-11,4846.71
7317,Failed,2023-05-10,5072.715
7318,Failed,2024-06-16,7496.29
7319,Paid,2024-02-14,4889.45
7320,Paid,2024-10-01,11222.42
7321,Refunded,2024-08-10,6691.54
7322,Paid,2023-03-14,7855.31
7323,Failed,2023-08-21,294.83
7324,Paid,2023-04-16,7175.1
7325,Refunded,2023-01-09,4788.17
7326,Paid,2024-09-22,5072.715
7327,Failed,2023-02-19,9213.58
7328,Refunded,2024-06-05,1121.81
7329,Paid,2024-09-16,6065.17
7330,Paid,2024-03-17,3157.33
7331,Refunded,2024-08-12,5820.51
7332,Failed,2023-02-05,4160.94
7333,Refunded,2023-07-21,4458.23
7334,Failed,2023-04-28,5173.1
7335,Paid,2024-12-02,2122.39
7336,Refunded,2023-06-18,8081.53
7337,Failed,2024-05-26,6997.41
7338,Refunded,2023-08-18,5072.715
7339,Paid,2024-07-13,9234.4
7340,Refunded,2023-05-30,5072.715
7341,Paid,2023-07-27,5072.715
7342,Paid,2023-03-02,736.31
7343,Paid,2023-04-27,3064.02
7344,Failed,2023-08-27,661.79
7345,Failed,2023-02-17,5539.72
7346,Paid,2024-03-23,7540.34
7347,Failed,2024-04-12,2829.78
7348,Paid,2023-10-20,5017.65
7349,Refunded,2024-02-29,5072.715
7350,Paid,2024-05-31,3129.19
7351,Failed,2024-09-03,6672.75
7352,Paid,2023-07-24,11313.64
7353,Paid,2023-06-29,7208.52
7354,Failed,2024-06-12,1906.62
7355,Failed,2023-03-31,4924.62
7356,Failed,2024-05-14,7171.89
7357,Failed,2023-04-18,6499.48
7358,Paid,2023-07-09,1781.91
7359,Failed,2023-06-29,6315.35
7360,Paid,2023-01-20,5072.715
7361,Failed,2023-12-25,3634.21
7362,Paid,2024-08-31,6659.55
7363,Paid,2024-10-17,10291.19
7364,Paid,2023-01-07,2762.42
7365,Failed,2023-11-18,6357.99
7366,Paid,2023-09-25,4758.3
7367,Failed,2024-03-02,6829.77
7368,Paid,2023-10-23,5321.24
7369,Paid,2024-05-27,3267.68
7370,Failed,2024-07-23,5072.715
7371,Paid,2024-01-22,6384.15
7372,Refunded,2023-09-21,5390.76
7373,Refunded,2023-03-31,6863.23
7374,Paid,2024-05-02,211.67
7375,Paid,2024-08-09,8278.58
7376,Refunded,2023-09-18,9246.7
7377,Paid,2024-05-02,5455.75
7378,Failed,2023-12-07,6981.61
7379,Paid,2023-11-25,7928.59
7380,Failed,2024-02-05,4457.99
7381,Failed,2023-12-23,5696.01
7382,Failed,2024-05-13,6456.09
7383,Paid,2024-03-10,3430.04
7384,Refunded,2023-04-29,5412.07
7385,Failed,2023-02-16,5072.715
7386,Paid,2023-06-17,3125.37
7387,Paid,2023-12-14,9394.45
7388,Refunded,2024-05-18,6159.11
7389,Failed,2024-06-22,2611.23
7390,Paid,2023-10-23,1298.6
7391,Failed,2024-05-27,12567.61
7392,Refunded,2023-06-23,2895.16
7393,Refunded,2024-01-30,5072.715
7394,Failed,2024-11-09,6797.58
7395,Failed,2024-06-13,2507.36
7396,Paid,2024-08-25,6128.86
7397,Refunded,2023-10-30,5084.92
7398,Refunded,2023-07-21,1481.68
7399,Failed,2024-06-16,5150.18
7400,Paid,2023-06-05,5978.69
7401,Failed,2023-01-14,1828.51
7402,Failed,2023-01-20,6562.89
7403,Refunded,2024-04-01,5072.715
7404,Paid,2023-06-22,1932.1
7405,Failed,2024-03-20,6456.12
7406,Paid,2023-05-02,5689.64
7407,Paid,2024-05-11,3969.02
7408,Failed,2023-07-03,5072.715
7409,Paid,2024-08-02,6183.66
7410,Paid,2024-11-01,3228.24
7411,Failed,2023-02-18,6734.94
7412,Paid,2023-06-30,5072.715
7413,Paid,2024-01-29,2813.03
7414,Failed,2024-01-28,1142.98
7415,Refunded,2023-12-14,159.68
7416,Paid,2024-04-20,5453.41
7417,Paid,2023-05-21,866.8
7418,Refunded,2024-06-13,5981.24
7419,Failed,2024-10-13,4745.49
7420,Refunded,2024-08-06,10658.39
7421,Paid,2024-04-15,6822.05
7422,Paid,2023-09-20,6531.02
7423,Paid,2023-05-23,5072.715
7424,Paid,2024-12-07,3307.06
7425,Failed,2023-05-26,3737.93
7426,Paid,2023-10-21,4893.79
7427,Paid,2024-06-21,3247.79
7428,Failed,2024-05-23,6711.64
7429,Refunded,2024-02-26,3831.8
7430,Failed,2024-07-24,8345.94
7431,Paid,2024-07-17,2534.65
7432,Paid,2024-02-21,7238.48
7433,Failed,2024-10-22,10791.21
7434,Failed,2023-04-17,5072.715
7435,Refunded,2023-11-14,2421.49
7436,Paid,2023-02-28,8457.34
7437,Paid,2023-09-15,1664.63
7438,Failed,2024-02-29,331.4
7439,Failed,2024-06-14,6802.1
7440,Failed,2023-06-15,6312.53
7441,Paid,2023-01-25,6805.67
7442,Failed,2023-01-04,3540.84
7443,Failed,2023-01-03,1652.59
7444,Paid,2024-02-22,423.31
7445,Failed,2023-12-28,2415.4
7446,Paid,2024-01-04,6950.8
7447,Refunded,2024-06-22,7581.0
7448,Paid,2023-12-12,5889.56
7449,Refunded,2023-02-13,5588.06
7450,Paid,2024-12-24,10079.43
7451,Paid,2024-07-17,9219.82
7452,Failed,2023-06-02,7831.72
7453,Refunded,2023-07-21,8467.67
7454,Failed,2023-11-17,6048.41
7455,Failed,2024-04-08,6434.93
7456,Paid,2023-01-11,2681.04
7457,Paid,2024-08-02,6138.78
7458,Paid,2023-08-15,3062.57
7459,Failed,2024-09-24,5072.715
7460,Paid,2023-11-29,6874.94
7461,Refunded,2024-04-13,5072.715
7462,Paid,2023-01-15,7106.09
7463,Failed,2023-02-26,8365.62
7464,Paid,2023-11-26,2385.54
7465,Refunded,2023-03-05,4228.81
7466,Paid,2023-08-18,2084.07
7467,Paid,2023-01-11,4880.92
7468,Paid,2024-09-24,9004.17
7469,Failed,2023-08-12,5001.84
7470,Refunded,2024-09-28,6742.05
7471,Paid,2024-10-21,3362.96
7472,Paid,2024-06-25,7550.05
7473,Paid,2024-05-20,5072.715
7474,Refunded,2024-06-05,7288.21
7475,Failed,2023-02-23,7603.41
7476,Failed,2024-11-28,1836.24
7477,Failed,2024-12-19,2949.36
7478,Paid,2023-06-06,3764.13
7479,Paid,2024-10-02,5072.715
7480,Paid,2024-07-23,9073.01
7481,Refunded,2024-02-09,5300.49
7482,Refunded,2024-02-03,13219.92
7483,Refunded,2024-12-07,1067.12
7484,Paid,2024-02-07,4292.85
7485,Failed,2024-08-10,5072.715
7486,Refunded,2023-03-30,5132.53
7487,Paid,2024-08-15,2454.53
7488,Paid,2023-07-05,6193.29
7489,Failed,2023-03-20,13027.7
7490,Refunded,2023-05-25,2492.75
7491,Failed,2024-10-02,2804.53
7492,Paid,2023-01-14,1773.13
7493,Refunded,2024-09-22,3740.81
7494,Refunded,2023-01-02,8248.3
7495,Failed,2024-05-30,9702.81
7496,Paid,2023-03-07,1203.61
7497,Failed,2023-09-03,6826.39
7498,Paid,2024-08-24,7321.06
7499,Failed,2024-03-05,5072.715
7500,Failed,2024-11-20,7225.67
7501,Refunded,2024-07-25,6127.8
7502,Paid,2023-08-20,8275.99
7503,Paid,2024-03-11,1679.24
7504,Paid,2023-12-19,5873.51
7505,Paid,2024-11-18,5072.715
7506,Failed,2024-11-09,8140.55
7507,Refunded,2024-01-18,7418.91
7508,Refunded,2024-12-10,1379.51
7509,Paid,2023-03-01,9281.13
7510,Failed,2024-04-14,7236.75
7511,Paid,2024-02-15,5056.59
7512,Paid,2023-03-24,5107.94
7513,Refunded,2023-03-15,10291.2
7514,Refunded,2023-11-07,7136.96
7515,Paid,2024-03-29,5466.93
7516,Failed,2023-01-26,2450.6
7517,Paid,2024-03-01,5072.715
7518,Refunded,2024-01-12,2442.48
7519,Refunded,2023-08-31,253.0
7520,Failed,2024-09-19,5671.39
7521,Paid,2023-11-19,261.22
7522,Paid,2023-06-29,3113.0
7523,Paid,2024-09-17,4072.04
7524,Paid,2023-09-23,620.96
7525,Failed,2024-07-03,8056.17
7526,Refunded,2024-01-15,4657.37
7527,Paid,2023-03-18,1891.25
7528,Failed,2024-09-05,7519.55
7529,Failed,2024-06-07,10307.98
7530,Paid,2023-02-18,5540.06
7531,Paid,2023-09-11,6858.32
7532,Paid,2024-01-15,5970.95
7533,Failed,2023-09-06,5072.715
7534,Paid,2023-03-13,3381.59
7535,Refunded,2024-03-22,5072.715
7536,Paid,2024-05-20,5072.715
7537,Failed,2024-12-09,5360.72
7538,Paid,2023-09-10,6935.84
7539,Failed,2023-10-26,6897.24
7540,Paid,2023-03-01,3741.73
7541,Paid,2023-12-23,4417.78
7542,Paid,2023-06-06,4405.65
7543,Refunded,2023-12-08,3488.41
7544,Paid,2023-07-21,782.29
7545,Failed,2023-02-04,5072.715
7546,Paid,2024-06-18,4103.68
7547,Refunded,2024-03-31,4857.57
7548,Failed,2023-06-14,3402.03
7549,Paid,2023-01-28,5871.6
7550,Paid,2024-01-07,13125.21
7551,Paid,2023-11-10,7349.22
7552,Refunded,2024-07-18,3575.22
7553,Paid,2023-10-11,4333.2
7554,Refunded,2023-10-25,5072.715
7555,Paid,2024-04-19,5347.42
7556,Failed,2024-08-19,4984.84
7557,Refunded,2023-12-15,3643.28
7558,Failed,2024-09-27,3488.35
7559,Refunded,2024-03-20,6935.88
7560,Failed,2023-07-26,4212.57
7561,Paid,2024-02-21,6716.08
7562,Failed,2024-03-14,4346.14
7563,Failed,2023-06-14,411.98
7564,Paid,2024-07-12,1829.29
7565,Refunded,2024-02-24,198.66
7566,Failed,2024-01-06,5620.57
7567,Paid,2024-10-29,97.57
7568,Paid,2023-09-23,3502.34
7569,Failed,2023-10-06,3893.18
7570,Failed,2024-04-26,4259.97
7571,Failed,2024-05-31,7641.43
7572,Refunded,2023-03-23,8162.49
7573,Paid,2023-04-29,2770.95
7574,Paid,2024-09-28,4942.44
7575,Paid,2023-10-30,3735.66
7576,Refunded,2023-08-03,6265.78
7577,Failed,2023-01-28,4750.55
7578,Failed,2024-05-12,6358.96
7579,Paid,2024-06-20,1599.96
7580,Paid,2024-06-02,5684.38
7581,Paid,2023-07-13,790.93
7582,Paid,2024-08-14,2657.42
7583,Paid,2024-03-17,5303.75
7584,Refunded,2023-02-05,853.52
7585,Failed,2023-09-15,1562.5
7586,Failed,2023-04-23,1528.98
7587,Paid,2023-10-21,2182.84
7588,Failed,2024-12-14,2495.4
7589,Refunded,2023-01-14,3427.34
7590,Paid,2024-10-28,5919.86
7591,Refunded,2024-08-19,10879.04
7592,Failed,2023-05-20,5072.715
7593,Refunded,2024-01-06,6144.12
7594,Failed,2024-03-02,5072.715
7595,Paid,2023-04-07,8199.58
7596,Paid,2024-11-27,2643.92
7597,Paid,2024-05-02,7619.32
7598,Failed,2023-12-08,8871.96
7599,Failed,2024-05-06,9592.78
7600,Paid,2024-05-14,9705.57
7601,Refunded,2024-03-07,1699.33
7602,Refunded,2023-07-08,5719.1
7603,Refunded,2023-03-23,2928.94
7604,Paid,2023-06-29,1080.91
7605,Paid,2024-02-19,6435.8
7606,Failed,2023-04-15,5072.715
7607,Failed,2024-01-16,5512.67
7608,Paid,2024-12-22,3575.43
7609,Paid,2023-11-25,12347.2
7610,Paid,2023-09-06,5072.715
7611,Refunded,2023-03-13,3744.27
7612,Refunded,2024-11-03,4929.34
7613,Failed,2023-05-13,6485.83
7614,Failed,2023-08-28,5072.715
7615,Failed,2023-03-19,6446.63
7616,Failed,2024-07-23,5344.15
7617,Refunded,2024-04-05,747.63
7618,Refunded,2023-05-05,5072.715
7619,Paid,2023-01-11,3106.69
7620,Failed,2024-04-12,8183.72
7621,Paid,2024-02-11,5094.21
7622,Paid,2023-01-27,5072.715
7623,Paid,2023-07-26,1097.04
7624,Refunded,2023-08-10,3094.22
7625,Failed,2023-11-08,4579.18
7626,Paid,2024-01-17,2249.79
7627,Failed,2023-11-11,3389.85
7628,Refunded,2023-07-27,8873.44
7629,Paid,2024-09-12,6657.53
7630,Paid,2023-10-23,9343.03
7631,Paid,2024-02-06,5196.18
7632,Refunded,2024-03-10,4523.51
7633,Paid,2024-07-26,1076.77
7634,Refunded,2023-05-02,8143.09
7635,Paid,2023-04-16,4516.4
7636,Refunded,2023-02-05,5583.87
7637,Refunded,2024-07-03,3322.02
7638,Paid,2023-03-13,5072.715
7639,Paid,2024-07-21,5369.1
7640,Paid,2023-06-16,2855.14
7641,Paid,2023-08-09,1522.15
7642,Paid,2023-03-17,6584.92
7643,Failed,2024-12-22,2739.96
7644,Refunded,2023-07-30,3646.48
7645,Paid,2023-08-16,416.43
7646,Refunded,2024-03-28,5201.21
7647,Paid,2024-05-01,5168.85
7648,Refunded,2024-10-29,5072.715
7649,Paid,2024-04-18,3392.34
7650,Failed,2024-10-22,1591.41
7651,Paid,2024-05-04,4333.09
7652,Paid,2024-01-11,8908.79
7653,Refunded,2023-08-19,6831.41
7654,Paid,2024-12-02,8258.83
7655,Paid,2023-08-13,6356.11
7656,Failed,2024-04-19,3683.64
7657,Paid,2024-07-30,1627.17
7658,Paid,2024-09-11,2051.92
7659,Paid,2023-03-21,5072.715
7660,Refunded,2024-10-06,5072.715
7661,Paid,2024-11-16,4758.67
7662,Paid,2024-07-29,397.71
7663,Paid,2023-07-29,5960.5
7664,Paid,2023-10-24,8668.09
7665,Refunded,2024-09-01,265.84
7666,Paid,2023-06-21,5072.715
7667,Paid,2023-03-30,1333.04
7668,Paid,2023-08-14,2372.74
7669,Failed,2023-05-23,1148.86
7670,Failed,2024-12-08,7053.99
7671,Refunded,2024-11-21,9993.76
7672,Failed,2023-02-23,8186.34
7673,Refunded,2023-07-15,8084.76
7674,Paid,2024-12-29,2205.78
7675,Failed,2024-05-03,6748.65
7676,Paid,2023-10-25,5718.51
7677,Failed,2024-03-05,1473.63
7678,Paid,2024-06-20,8228.1
7679,Paid,2024-08-01,6301.21
7680,Refunded,2024-11-05,4343.53
7681,Paid,2024-05-14,7463.72
7682,Paid,2024-09-15,5443.85
7683,Failed,2023-07-25,8603.6
7684,Refunded,2023-05-17,10664.07
7685,Failed,2024-02-12,5072.715
7686,Paid,2023-10-06,4129.48
7687,Paid,2024-03-20,3527.68
7688,Paid,2024-11-07,5052.19
7689,Refunded,2023-09-28,5072.715
7690,Refunded,2024-03-16,1817.18
7691,Paid,2023-08-16,888.73
7692,Paid,2023-05-07,5707.88
7693,Paid,2023-09-27,4887.63
7694,Paid,2024-05-01,5579.14
7695,Refunded,2024-07-01,869.33
7696,Failed,2023-06-04,9623.91
7697,Failed,2024-10-18,5072.715
7698,Refunded,2023-01-19,12340.68
7699,Paid,2024-02-29,6240.53
7700,Refunded,2023-02-27,3795.7
7701,Paid,2024-02-27,5764.87
7702,Refunded,2024-07-01,9438.67
7703,Paid,2024-12-23,2838.6
7704,Paid,2024-10-21,6753.49
7705,Paid,2023-04-12,6313.32
7706,Paid,2023-03-17,6782.2
7707,Refunded,2024-08-02,2273.08
7708,Paid,2023-03-07,6912.69
7709,Refunded,2023-05-31,5072.715
7710,Failed,2024-03-12,9700.27
7711,Paid,2023-03-09,10318.86
7712,Refunded,2023-08-23,6118.86
7713,Refunded,2024-12-15,5072.715
7714,Failed,2024-11-05,2118.24
7715,Refunded,2023-04-08,4409.81
7716,Paid,2023-01-09,3632.7
7717,Paid,2024-05-18,7927.04
7718,Paid,2024-05-04,5921.98
7719,Failed,2024-03-02,2054.17
7720,Paid,2023-08-15,2474.95
7721,Refunded,2024-08-09,12655.79
7722,Failed,2023-01-17,3714.03
7723,Failed,2024-07-16,7031.34
7724,Paid,2023-08-16,5066.51
7725,Failed,2024-12-06,5072.715
7726,Paid,2023-08-26,8517.33
7727,Paid,2024-01-16,3635.93
7728,Paid,2024-01-22,4094.09
7729,Failed,2024-10-30,9124.55
7730,Failed,2023-09-11,3845.9
7731,Paid,2023-11-04,781.82
7732,Paid,2023-11-10,1616.47
7733,Paid,2023-10-28,6543.45
7734,Paid,2023-04-28,2896.49
7735,Paid,2023-02-19,8389.73
7736,Paid,2024-07-17,5062.82
7737,Paid,2023-06-30,7286.99
7738,Paid,2024-06-26,6061.46
7739,Paid,2023-11-23,8179.33
7740,Paid,2024-05-17,5072.715
7741,Refunded,2024-05-10,6694.21
7742,Paid,2023-09-03,6547.86
7743,Paid,2024-08-24,8336.46
7744,Paid,2024-06-26,3308.21
7745,Paid,2023-04-12,6624.59
7746,Paid,2023-08-18,2234.19
7747,Paid,2024-01-23,2723.28
7748,Paid,2024-08-31,3572.73
7749,Paid,2024-08-01,8805.75
7750,Refunded,2024-12-04,4579.08
7751,Refunded,2023-07-30,5072.715
7752,Paid,2024-10-10,7277.76
7753,Paid,2024-03-05,58.21
7754,Refunded,2023-12-05,613.3
7755,Paid,2023-07-03,4241.15
7756,Refunded,2023-02-25,4194.85
7757,Refunded,2023-10-09,8130.32
7758,Refunded,2024-07-25,8601.08
7759,Failed,2023-05-08,4695.5
7760,Paid,2024-12-17,4375.98
7761,Refunded,2024-12-26,2671.02
7762,Paid,2024-09-30,4670.38
7763,Paid,2024-05-22,2670.81
7764,Paid,2024-08-06,3645.79
7765,Paid,2023-08-04,4757.61
7766,Refunded,2023-03-31,5072.715
7767,Paid,2023-11-10,3068.94
7768,Paid,2023-08-21,4103.49
7769,Failed,2024-07-28,4980.53
7770,Failed,2023-09-04,7588.48
7771,Paid,2024-03-17,6279.24
7772,Refunded,2023-05-15,7643.49
7773,Refunded,2023-01-02,6718.19
7774,Refunded,2023-06-10,5344.13
7775,Paid,2023-05-20,11694.62
7776,Failed,2023-10-31,2851.66
7777,Refunded,2024-04-04,2260.85
7778,Failed,2024-12-14,4542.17
7779,Paid,2023-05-05,4819.35
7780,Failed,2023-12-13,5072.715
7781,Refunded,2024-08-16,2137.03
7782,Failed,2023-11-20,10871.81
7783,Paid,2024-02-11,3964.07
7784,Failed,2024-04-13,2108.98
7785,Paid,2023-06-13,5792.77
7786,Paid,2023-08-28,8286.85
7787,Paid,2023-08-01,9832.74
7788,Paid,2023-05-29,5072.715
7789,Refunded,2024-08-06,5072.715
7790,Refunded,2023-04-13,5072.715
7791,Paid,2023-07-02,3214.24
7792,Refunded,2024-05-19,5072.715
7793,Failed,2024-11-26,2154.14
7794,Paid,2024-06-08,3322.13
7795,Refunded,2024-01-15,1804.3
7796,Refunded,2024-10-23,7804.29
7797,Failed,2023-01-24,4681.37
7798,Paid,2024-12-01,5072.715
7799,Failed,2023-05-13,3191.3
7800,Paid,2023-02-19,2928.02
7801,Refunded,2024-11-25,7566.38
7802,Paid,2023-01-26,4796.8
7803,Paid,2024-10-11,4716.68
7804,Refunded,2023-01-11,6928.73
7805,Paid,2023-04-12,8173.38
7806,Failed,2023-01-11,5802.64
7807,Refunded,2023-04-22,3037.92
7808,Failed,2024-08-28,484.98
7809,Failed,2023-06-16,9349.97
7810,Paid,2024-12-21,5072.715
7811,Refunded,2024-02-11,5372.17
7812,Paid,2023-02-14,5072.715
7813,Failed,2024-12-17,9512.57
7814,Failed,2023-12-25,138.09
7815,Paid,2024-07-07,7862.45
7816,Failed,2023-10-12,6127.23
7817,Refunded,2024-02-04,2692.54
7818,Paid,2024-03-26,3439.82
7819,Refunded,2024-09-03,1053.51
7820,Paid,2024-03-19,8375.22
7821,Failed,2024-01-23,1880.71
7822,Paid,2023-12-22,6236.1
7823,Refunded,2024-02-29,120.85
7824,Paid,2023-01-06,9183.41
7825,Failed,2024-07-07,4385.4
7826,Paid,2024-03-16,8216.67
7827,Failed,2023-12-22,5072.715
7828,Failed,2024-08-10,3179.16
7829,Paid,2024-07-07,978.43
7830,Paid,2023-09-25,8161.32
7831,Failed,2023-08-05,3908.92
7832,Paid,2023-03-05,5890.88
7833,Refunded,2024-03-17,2876.01
7834,Paid,2024-11-21,4948.91
7835,Failed,2024-06-24,5616.14
7836,Refunded,2023-10-02,266.2
7837,Failed,2024-04-14,2953.7
7838,Paid,2023-08-04,5072.715
7839,Refunded,2024-07-19,2547.84
7840,Failed,2024-08-14,7707.18
7841,Paid,2023-07-13,5978.94
7842,Refunded,2024-12-12,5072.715
7843,Failed,2023-01-13,6901.27
7844,Paid,2023-08-10,5061.01
7845,Failed,2024-12-05,3292.86
7846,Failed,2024-01-31,2765.31
7847,Failed,2023-09-27,4007.82
7848,Paid,2023-10-25,8751.48
7849,Failed,2024-09-02,932.27
7850,Refunded,2024-09-07,4065.41
7851,Paid,2024-03-07,456.1
7852,Paid,2024-02-12,3253.56
7853,Paid,2023-03-06,4627.31
7854,Paid,2024-10-18,9184.64
7855,Paid,2023-02-07,9509.82
7856,Failed,2023-01-28,392.16
7857,Failed,2023-10-16,464.74
7858,Refunded,2023-08-25,4502.83
7859,Paid,2023-05-06,5072.715
7860,Paid,2024-01-19,191.58
7861,Failed,2023-11-22,3888.72
7862,Paid,2023-03-26,8106.9
7863,Failed,2023-09-03,8471.11
7864,Paid,2024-01-23,4086.83
7865,Failed,2023-09-23,1003.63
7866,Refunded,2023-07-24,8147.53
7867,Failed,2023-08-16,2238.15
7868,Failed,2023-08-28,6613.23
7869,Paid,2023-03-14,5072.715
7870,Failed,2024-11-01,5302.59
7871,Refunded,2024-01-23,5072.715
7872,Failed,2024-01-13,8852.61
7873,Failed,2023-07-31,776.73
7874,Paid,2024-10-09,2355.02
7875,Failed,2024-11-06,9840.9
7876,Failed,2024-10-10,5694.61
7877,Failed,2023-06-20,2421.03
7878,Refunded,2023-06-01,5072.715
7879,Paid,2024-11-07,2002.43
7880,Paid,2023-04-14,5586.28
7881,Paid,2023-08-10,2947.0
7882,Failed,2023-10-09,8728.8
7883,Failed,2024-01-23,2430.83
7884,Paid,2024-01-07,2961.64
7885,Failed,2023-05-09,3654.37
7886,Refunded,2024-02-08,2998.44
7887,Paid,2023-08-08,4267.4
7888,Failed,2023-06-22,6670.9
7889,Paid,2024-04-16,1454.36
7890,Paid,2024-03-28,2668.52
7891,Failed,2024-08-30,4982.38
7892,Paid,2024-05-16,3021.66
7893,Paid,2023-02-21,5195.02
7894,Failed,2023-04-04,6613.2
7895,Paid,2024-07-29,5072.715
7896,Failed,2023-01-21,8300.36
7897,Failed,2023-04-16,2155.15
7898,Refunded,2023-07-19,3264.25
7899,Refunded,2023-12-18,9479.86
7900,Paid,2023-10-08,2797.3
7901,Paid,2023-10-09,12351.18
7902,Paid,2024-09-03,7898.93
7903,Paid,2024-06-22,2534.71
7904,Failed,2023-09-02,6756.21
7905,Failed,2024-07-28,5889.3
7906,Paid,2024-03-04,635.77
7907,Paid,2023-02-07,9632.73
7908,Paid,2024-02-23,7464.12
7909,Failed,2023-10-29,9430.08
7910,Refunded,2024-09-30,8140.76
7911,Refunded,2023-03-12,6046.93
7912,Paid,2024-10-07,8239.61
7913,Paid,2024-06-08,992.14
7914,Failed,2023-06-23,10951.08
7915,Failed,2023-03-31,7235.52
7916,Refunded,2024-01-03,5072.715
7917,Failed,2023-07-26,5072.715
7918,Paid,2023-03-03,5863.09
7919,Paid,2023-11-15,2331.14
7920,Refunded,2024-07-04,6559.78
7921,Refunded,2023-03-01,2043.05
7922,Paid,2023-04-15,1182.14
7923,Failed,2023-08-27,3378.98
7924,Failed,2024-04-06,5072.715
7925,Paid,2023-05-07,1715.74
7926,Paid,2023-03-24,8770.62
7927,Refunded,2023-08-08,2726.64
7928,Paid,2024-02-12,5072.715
7929,Refunded,2024-09-08,5374.03
7930,Paid,2024-08-08,4813.68
7931,Failed,2024-10-08,5169.89
7932,Refunded,2024-03-05,6014.45
7933,Paid,2024-07-27,518.77
7934,Paid,2024-05-27,4603.42
7935,Failed,2023-03-20,4832.63
7936,Refunded,2023-03-06,6665.22
7937,Failed,2023-07-02,4156.31
7938,Paid,2023-03-07,6585.48
7939,Paid,2023-07-27,5072.715
7940,Paid,2023-02-23,3343.38
7941,Paid,2023-08-09,5072.715
7942,Refunded,2023-08-24,1914.28
7943,Failed,2024-09-03,3305.8
7944,Failed,2024-03-13,3515.94
7945,Refunded,2023-04-13,3674.1
7946,Paid,2024-03-11,5171.86
7947,Failed,2024-11-24,2328.52
7948,Failed,2024-02-25,6876.57
7949,Paid,2023-04-18,4184.74
7950,Failed,2024-06-07,6211.48
7951,Refunded,2024-03-18,1316.11
7952,Refunded,2024-05-20,5072.715
7953,Paid,2024-02-08,7829.11
7954,Paid,2023-12-09,5626.28
7955,Refunded,2024-08-20,6639.76
7956,Paid,2023-11-23,8952.76
7957,Refunded,2023-08-02,2181.24
7958,Refunded,2024-07-09,425.93
7959,Refunded,2023-11-18,7934.47
7960,Failed,2023-03-19,6956.13
7961,Paid,2023-02-24,8317.97
7962,Failed,2023-03-12,9975.43
7963,Paid,2023-03-09,1479.75
7964,Paid,2023-06-29,7810.56
7965,Failed,2024-01-15,4239.2
7966,Failed,2024-11-16,7898.92
7967,Failed,2024-11-11,10508.0
7968,Paid,2024-03-25,5082.38
7969,Paid,2023-09-18,2763.19
7970,Paid,2024-03-22,932.22
7971,Paid,2024-09-28,5072.715
7972,Paid,2023-05-11,9355.28
7973,Paid,2023-08-22,9543.81
7974,Paid,2023-06-03,8034.38
7975,Paid,2023-11-26,4099.11
7976,Paid,2024-09-28,7362.42
7977,Failed,2024-09-03,5917.67
7978,Paid,2023-02-22,1517.67
7979,Failed,2024-04-12,8445.57
7980,Failed,2024-10-01,6529.08
7981,Refunded,2024-02-17,7209.25
7982,Failed,2023-01-14,5978.95
7983,Paid,2024-05-10,5400.37
7984,Refunded,2024-05-31,6059.82
7985,Paid,2024-01-03,4145.48
7986,Paid,2024-06-22,6821.12
7987,Failed,2024-09-28,10853.91
7988,Paid,2024-03-27,6388.87
7989,Paid,2024-06-24,8350.43
7990,Refunded,2024-05-29,1457.18
7991,Paid,2024-04-25,7439.27
7992,Paid,2024-02-18,6529.58
7993,Paid,2023-08-16,8226.56
7994,Paid,2023-05-17,3726.13
7995,Refunded,2023-08-28,7954.8
7996,Refunded,2024-11-02,5072.715
7997,Paid,2024-04-16,8415.84
7998,Failed,2024-06-01,8622.06
7999,Paid,2024-04-05,1683.1
5001,Refunded,2023-11-01,6092.33
7814,Paid,2024-10-16,4340.01
5348,Refunded,2023-06-30,6461.37
5470,Paid,2023-01-30,5118.49
5355,Paid,2023-02-09,4327.24
6645,Failed,2023-07-06,3254.63
6780,Paid,2023-11-15,9325.74
7977,Refunded,2023-08-15,2774.82
5461,Refunded,2023-11-20,3363.91
5571,Refunded,2023-02-12,1232.63
6671,Failed,2024-10-17,7568.52
6432,Paid,2023-10-05,8111.93
7564,Paid,2023-11-15,6178.48
6831,Paid,2023-06-23,2689.85
5040,Paid,2024-11-15,113.11
7028,Failed,2023-02-10,5072.715
5242,Paid,2024-02-13,7696.99
6981,Refunded,2024-07-15,3470.38
5884,Failed,2023-11-19,5224.01
5384,Refunded,2023-06-29,285.39
5137,Refunded,2023-06-08,2629.69
5439,Paid,2023-02-06,6160.18
7152,Paid,2024-02-10,4685.87
6593,Paid,2024-06-22,5567.4
7784,Paid,2024-01-11,8417.05
7116,Failed,2023-09-13,1273.38
7617,Failed,2023-10-05,5617.39
5502,Failed,2023-09-06,2959.3
7843,Refunded,2024-11-23,4474.71
7912,Refunded,2023-01-17,5870.98
6789,Failed,2024-01-03,1203.75
6647,Paid,2023-05-05,3041.47
6790,Refunded,2023-11-08,5072.715
6488,Refunded,2023-07-31,6190.72
7154,Paid,2024-04-16,8303.0
6881,Refunded,2024-02-19,14.62
6498,Paid,2024-05-14,2997.34
6954,Paid,2024-12-12,5072.715
7466,Paid,2023-06-30,4548.55
5115,Paid,2024-01-24,6246.92
6404,Refunded,2024-10-03,1278.85
5064,Paid,2024-09-24,4391.68
7242,Paid,2023-07-06,3763.79
7393,Paid,2024-11-04,7165.44
5273,Failed,2024-09-15,5072.715
7488,Paid,2024-04-12,3667.1
5060,Paid,2024-04-01,8653.83
7067,Paid,2023-05-14,3410.34
7448,Refunded,2024-11-28,2602.69
7761,Refunded,2023-06-24,6767.13
